40;40;40;40;40;40;40;40;40;40;40;40;40;40;40;40;40;40;40;40;40;40;40;40;40;40;40;40;40;40;40;40;40;40;40;40;40;40;40;40;40;40;40;40;40;40;40;40;40;40;40;40;40;40;40;40;40;40;40;40;40;40;40;40;40;40;40;40;40;40;40;40;40;40;40;40;40;40;40;40;40;40;40;40;40;40;40;40;40;40;40;40;40;40;40;40;40;40;40;40;40
0;0;0;0;0;0;0;0;0;0;0;0;0;0;0;0;0;0;0;0;0;0;0;0;0;0;0;0;0;0;0;0;0;0;0;0;0;0;0;0;0;0;0;0;0;0;0;0;0;0;0;0;0;0;0;0;0;0;0;0;0;0;0;0;0;0;0;0;0;0;0;0;0;0;0;0;0;0;0;0;0;0;0;0;0;0;0;0;0;0;0;0;0;0;0;0;0;0;0;0;0
0;0;0;0;0;0;0;0;0;0;0;0;0;0;0;0;0;0;0;0;0;0;0;0;0;0;0;0;0;0;0;0;0;0;0;0;0;0;0;0;0;0;0;0;0;0;0;0;0;0;0;0;0;0;0;0;0;0;0;0;0;0;0;0;0;0;0;0;0;0;0;0;0;0;0;0;0;0;0;0;0;0;0;0;0;0;0;0;0;0;0;0;0;0;0;0;0;0;0;0;0
40;40;40;40;40;40;40;40;40;40;40;40;40;40;40;40;40;40;40;40;40;40;40;40;40;40;40;40;40;40;40;40;40;40;40;40;40;40;40;40;40;40;40;40;40;40;40;40;40;40;40;40;40;40;40;40;40;40;40;40;40;40;40;40;40;40;40;40;40;40;40;40;40;40;40;40;40;40;40;40;40;40;40;40;40;40;40;40;40;40;40;40;40;40;40;40;40;40;40;40;40
0;6.3259;13.359;20.294;26.933;33.216;39.149;44.753;50.065;55.065;59.766;64.229;68.421;72.352;76.094;79.607;82.902;86.041;88.99;91.752;94.357;96.813;99.131;101.32;103.4;105.37;107.2;108.94;110.57;112.12;113.6;115;116.33;117.56;118.73;119.84;120.89;121.9;122.86;123.74;124.58;125.38;126.13;126.85;127.53;128.17;128.77;129.34;129.88;130.39;130.87;131.32;131.74;132.14;132.51;132.86;133.2;133.52;133.82;134.11;134.39;134.65;134.88;135.1;135.31;135.51;135.7;135.88;136.06;136.23;136.39;136.55;136.68;136.81;136.94;137.05;137.16;137.27;137.38;137.48;137.57;137.66;137.75;137.82;137.89;137.96;138.03;138.09;138.15;138.21;138.27;138.32;138.37;138.41;138.45;138.49;138.53;138.57;138.6;138.64;138.67
0;6.0068;11.908;17.528;22.888;28.016;32.927;37.63;42.138;46.443;50.549;54.478;58.218;61.773;65.169;68.393;71.448;74.364;77.125;79.734;82.215;84.565;86.789;88.894;90.886;92.77;94.55;96.233;97.823;99.328;100.75;102.1;103.38;104.58;105.71;106.78;107.8;108.77;109.69;110.55;111.37;112.14;112.87;113.57;114.23;114.85;115.44;115.99;116.52;117.02;117.49;117.94;118.35;118.74;119.1;119.45;119.78;120.09;120.39;120.68;120.95;121.21;121.44;121.66;121.86;122.06;122.25;122.42;122.6;122.76;122.92;123.07;123.21;123.33;123.45;123.57;123.68;123.78;123.88;123.98;124.08;124.17;124.24;124.32;124.39;124.46;124.52;124.58;124.64;124.7;124.75;124.81;124.85;124.9;124.94;124.98;125.01;125.05;125.08;125.12;125.15
0;6.0399;12.429;18.867;25.123;31.108;36.808;42.23;47.393;52.285;56.914;61.32;65.481;69.405;73.143;76.667;79.985;83.148;86.128;88.928;91.578;94.081;96.445;98.68;100.79;102.8;104.68;106.45;108.13;109.72;111.22;112.66;114.01;115.27;116.47;117.6;118.68;119.71;120.68;121.59;122.45;123.26;124.03;124.77;125.47;126.12;126.74;127.32;127.87;128.4;128.9;129.36;129.8;130.2;130.59;130.95;131.29;131.62;131.93;132.23;132.51;132.78;133.02;133.25;133.47;133.67;133.87;134.06;134.24;134.41;134.58;134.74;134.88;135.01;135.14;135.26;135.37;135.48;135.59;135.69;135.79;135.88;135.97;136.04;136.12;136.19;136.26;136.32;136.38;136.44;136.5;136.56;136.6;136.65;136.69;136.73;136.77;136.81;136.85;136.88;136.91
0;6.3592;14.183;21.916;29.164;35.888;42.146;47.997;53.508;58.643;63.42;67.945;72.159;76.08;79.809;83.29;86.536;89.628;92.522;95.219;97.752;100.13;102.38;104.5;106.51;108.43;110.2;111.87;113.44;114.94;116.36;117.73;119.01;120.2;121.33;122.4;123.42;124.39;125.32;126.17;126.98;127.75;128.47;129.16;129.82;130.43;131.01;131.55;132.07;132.56;133.02;133.46;133.86;134.24;134.6;134.93;135.25;135.56;135.85;136.12;136.39;136.64;136.86;137.07;137.27;137.46;137.65;137.82;137.99;138.15;138.31;138.46;138.59;138.71;138.83;138.94;139.05;139.15;139.25;139.35;139.44;139.53;139.61;139.68;139.75;139.82;139.88;139.94;140;140.05;140.11;140.16;140.2;140.25;140.29;140.33;140.36;140.4;140.43;140.46;140.49
0;5.9997;12;17.958;23.751;29.315;34.634;39.711;44.558;49.167;53.544;57.717;61.671;65.413;68.98;72.352;75.535;78.571;81.436;84.135;86.693;89.112;91.399;93.562;95.609;97.548;99.372;101.09;102.72;104.26;105.72;107.11;108.42;109.64;110.8;111.9;112.95;113.94;114.89;115.77;116.6;117.39;118.14;118.85;119.53;120.17;120.77;121.33;121.87;122.38;122.87;123.32;123.74;124.14;124.51;124.86;125.2;125.51;125.82;126.11;126.39;126.65;126.88;127.11;127.32;127.52;127.71;127.89;128.06;128.23;128.4;128.55;128.69;128.82;128.94;129.06;129.17;129.28;129.38;129.48;129.58;129.67;129.75;129.82;129.9;129.96;130.03;130.09;130.15;130.21;130.27;130.32;130.37;130.41;130.45;130.49;130.53;130.57;130.6;130.64;130.67
0;5.9966;11.868;17.57;23.076;28.366;33.432;38.28;42.919;47.344;51.558;55.584;59.409;63.039;66.504;69.787;72.894;75.858;78.661;81.306;83.818;86.196;88.445;90.574;92.588;94.493;96.291;97.989;99.594;101.11;102.55;103.92;105.2;106.41;107.56;108.64;109.67;110.65;111.58;112.45;113.27;114.05;114.79;115.49;116.16;116.79;117.38;117.94;118.47;118.97;119.45;119.9;120.32;120.71;121.08;121.43;121.76;122.07;122.37;122.66;122.93;123.19;123.43;123.65;123.85;124.05;124.24;124.42;124.59;124.76;124.92;125.07;125.21;125.34;125.46;125.57;125.68;125.79;125.89;125.99;126.09;126.17;126.25;126.33;126.4;126.47;126.53;126.6;126.65;126.71;126.77;126.82;126.87;126.91;126.95;126.99;127.03;127.07;127.1;127.13;127.16
0;6.446;13.793;21.008;27.875;34.341;40.422;46.15;51.57;56.656;61.423;65.947;70.184;74.15;77.922;81.458;84.769;87.923;90.883;93.651;96.258;98.715;101.03;103.22;105.29;107.27;109.1;110.83;112.46;114.01;115.48;116.89;118.21;119.44;120.61;121.72;122.77;123.77;124.73;125.62;126.45;127.25;128;128.71;129.4;130.03;130.63;131.2;131.73;132.24;132.72;133.18;133.59;133.99;134.36;134.71;135.04;135.36;135.66;135.95;136.23;136.49;136.72;136.94;137.15;137.35;137.54;137.72;137.89;138.06;138.22;138.38;138.51;138.64;138.76;138.88;138.99;139.1;139.2;139.3;139.4;139.49;139.57;139.65;139.72;139.79;139.86;139.92;139.98;140.04;140.09;140.14;140.19;140.24;140.28;140.32;140.36;140.39;140.43;140.46;140.49
0;6.7078;14.481;22.013;29.078;35.657;41.794;47.539;52.956;58.01;62.72;67.182;71.343;75.219;78.906;82.349;85.564;88.626;91.493;94.168;96.68;99.044;101.27;103.38;105.37;107.27;109.04;110.69;112.26;113.74;115.16;116.51;117.78;118.97;120.09;121.15;122.16;123.12;124.04;124.89;125.7;126.46;127.18;127.87;128.52;129.13;129.7;130.24;130.76;131.24;131.7;132.14;132.54;132.91;133.27;133.6;133.92;134.22;134.51;134.79;135.05;135.3;135.52;135.73;135.93;136.12;136.3;136.48;136.64;136.8;136.96;137.11;137.24;137.36;137.48;137.59;137.7;137.8;137.9;137.99;138.09;138.17;138.25;138.32;138.39;138.46;138.52;138.58;138.64;138.7;138.75;138.8;138.84;138.89;138.93;138.97;139;139.04;139.07;139.1;139.13
0;14.166;21.143;26.251;30.578;34.545;38.251;41.732;45.04;48.148;51.069;53.855;56.477;58.942;61.293;63.506;65.587;67.571;69.437;71.188;72.844;74.406;75.88;77.273;78.592;79.841;81.012;82.115;83.158;84.145;85.082;85.975;86.816;87.602;88.347;89.052;89.723;90.362;90.971;91.535;92.07;92.576;93.056;93.513;93.948;94.356;94.739;95.101;95.444;95.769;96.079;96.369;96.637;96.889;97.127;97.352;97.565;97.768;97.961;98.146;98.324;98.49;98.64;98.781;98.915;99.043;99.164;99.28;99.392;99.5;99.605;99.703;99.79;99.873;99.951;100.03;100.1;100.17;100.23;100.29;100.36;100.42;100.47;100.52;100.56;100.61;100.65;100.69;100.73;100.76;100.8;100.83;100.86;100.89;100.92;100.94;100.97;100.99;101.01;101.04;101.06
0;6.2087;11.99;16.618;20.625;24.302;27.75;31.004;34.101;37.021;39.773;42.4;44.878;47.214;49.442;51.543;53.523;55.41;57.187;58.858;60.44;61.933;63.343;64.676;65.937;67.132;68.254;69.311;70.31;71.256;72.154;73.007;73.812;74.566;75.279;75.955;76.598;77.209;77.792;78.333;78.845;79.33;79.79;80.228;80.645;81.036;81.403;81.751;82.08;82.392;82.689;82.968;83.225;83.467;83.696;83.912;84.117;84.312;84.497;84.675;84.846;85.005;85.149;85.285;85.414;85.536;85.653;85.764;85.871;85.975;86.076;86.17;86.254;86.333;86.408;86.479;86.548;86.613;86.677;86.738;86.798;86.853;86.903;86.95;86.994;87.036;87.077;87.115;87.152;87.188;87.222;87.254;87.283;87.311;87.337;87.361;87.384;87.407;87.428;87.448;87.467
0;0;0;0;0;0;0;0;0;0;0;0;0;0;0;0;0;0;0;0;0;0;0;0;0;0;0;0;0;0;0;0;0;0;0;0;0;0;0;0;0;0;0;0;0;0;0;0;0;0;0;0;0;0;0;0;0;0;0;0;0;0;0;0;0;0;0;0;0;0;0;0;0;0;0;0;0;0;0;0;0;0;0;0;0;0;0;0;0;0;0;0;0;0;0;0;0;0;0;0;0
0;0;0;0;0;0;0;0;0;0;0;0;0;0;0;0;0;0;0;0;0;0;0;0;0;0;0;0;0;0;0;0;0;0;0;0;0;0;0;0;0;0;0;0;0;0;0;0;0;0;0;0;0;0;0;0;0;0;0;0;0;0;0;0;0;0;0;0;0;0;0;0;0;0;0;0;0;0;0;0;0;0;0;0;0;0;0;0;0;0;0;0;0;0;0;0;0;0;0;0;0
0;6.5882;12.875;17.817;22.07;25.965;29.611;33.044;36.308;39.381;42.273;45.032;47.632;50.079;52.413;54.612;56.681;58.654;60.512;62.256;63.906;65.463;66.934;68.324;69.639;70.885;72.054;73.155;74.197;75.183;76.118;77.008;77.848;78.633;79.377;80.081;80.751;81.389;81.996;82.56;83.094;83.599;84.079;84.535;84.97;85.377;85.759;86.121;86.464;86.79;87.099;87.389;87.656;87.909;88.147;88.372;88.585;88.788;88.981;89.166;89.344;89.51;89.66;89.801;89.935;90.062;90.184;90.3;90.412;90.52;90.625;90.723;90.81;90.892;90.97;91.045;91.116;91.184;91.25;91.314;91.376;91.435;91.486;91.535;91.581;91.625;91.667;91.707;91.746;91.783;91.819;91.852;91.882;91.911;91.938;91.964;91.988;92.011;92.033;92.054;92.074
0;15.162;22.165;27.218;31.472;35.363;38.989;42.389;45.617;48.645;51.484;54.192;56.737;59.127;61.406;63.549;65.563;67.481;69.285;70.978;72.576;74.083;75.505;76.849;78.121;79.327;80.457;81.52;82.525;83.477;84.381;85.242;86.054;86.812;87.529;88.21;88.857;89.473;90.061;90.605;91.12;91.608;92.072;92.512;92.932;93.324;93.693;94.042;94.373;94.687;94.985;95.264;95.522;95.765;95.994;96.211;96.417;96.612;96.798;96.976;97.147;97.307;97.451;97.588;97.717;97.839;97.956;98.068;98.176;98.28;98.381;98.476;98.56;98.639;98.714;98.786;98.855;98.921;98.984;99.046;99.106;99.162;99.212;99.259;99.303;99.346;99.386;99.425;99.462;99.498;99.532;99.565;99.594;99.621;99.648;99.672;99.696;99.718;99.739;99.759;99.779
40;40;40;40;40;40;40;40;40;40;40;40;40;40;40;40;40;40;40;40;40;40;40;40;40;40;40;40;40;40;40;40;40;40;40;40;40;40;40;40;40;40;40;40;40;40;40;40;40;40;40;40;40;40;40;40;40;40;40;40;40;40;40;40;40;40;40;40;40;40;40;40;40;40;40;40;40;40;40;40;40;40;40;40;40;40;40;40;40;40;40;40;40;40;40;40;40;40;40;40;40
40;40;40;40;40;40;40;40;40;40;40;40;40;40;40;40;40;40;40;40;40;40;40;40;40;40;40;40;40;40;40;40;40;40;40;40;40;40;40;40;40;40;40;40;40;40;40;40;40;40;40;40;40;40;40;40;40;40;40;40;40;40;40;40;40;40;40;40;40;40;40;40;40;40;40;40;40;40;40;40;40;40;40;40;40;40;40;40;40;40;40;40;40;40;40;40;40;40;40;40;40
0;6.1464;12.912;19.669;26.179;32.366;38.225;43.775;49.043;54.014;58.697;63.148;67.335;71.271;75.017;78.538;81.846;84.998;87.961;90.74;93.364;95.84;98.176;100.38;102.48;104.46;106.32;108.06;109.72;111.28;112.77;114.18;115.52;116.77;117.95;119.07;120.13;121.14;122.11;123;123.85;124.65;125.41;126.14;126.83;127.47;128.08;128.65;129.2;129.71;130.2;130.66;131.09;131.49;131.86;132.22;132.56;132.88;133.18;133.48;133.76;134.02;134.26;134.48;134.69;134.9;135.09;135.27;135.45;135.62;135.79;135.94;136.08;136.21;136.34;136.45;136.57;136.67;136.78;136.88;136.98;137.07;137.15;137.23;137.3;137.37;137.44;137.5;137.56;137.62;137.68;137.73;137.78;137.83;137.87;137.91;137.95;137.99;138.02;138.05;138.09
0;6.0731;12.595;19.149;25.495;31.547;37.295;42.75;47.937;52.842;57.473;61.877;66.029;69.937;73.658;77.162;80.456;83.596;86.552;89.326;91.948;94.423;96.761;98.97;101.06;103.05;104.9;106.65;108.31;109.88;111.37;112.78;114.12;115.37;116.55;117.67;118.73;119.75;120.71;121.61;122.46;123.26;124.02;124.75;125.44;126.09;126.7;127.27;127.82;128.33;128.82;129.28;129.71;130.11;130.49;130.85;131.19;131.51;131.81;132.11;132.39;132.66;132.89;133.12;133.33;133.53;133.73;133.91;134.09;134.26;134.43;134.58;134.72;134.85;134.98;135.09;135.21;135.32;135.42;135.52;135.62;135.71;135.8;135.87;135.95;136.02;136.08;136.15;136.21;136.27;136.32;136.38;136.43;136.47;136.51;136.55;136.59;136.63;136.67;136.7;136.73
0;6.0242;12.321;18.658;24.817;30.711;36.322;41.66;46.743;51.558;56.115;60.453;64.548;68.411;72.09;75.559;78.826;81.939;84.873;87.629;90.238;92.702;95.029;97.229;99.312;101.29;103.14;104.88;106.53;108.1;109.58;110.99;112.32;113.57;114.75;115.86;116.92;117.93;118.9;119.79;120.64;121.44;122.2;122.92;123.61;124.26;124.86;125.44;125.98;126.5;126.99;127.45;127.87;128.27;128.65;129.01;129.35;129.67;129.97;130.27;130.55;130.81;131.05;131.28;131.49;131.69;131.88;132.07;132.24;132.42;132.58;132.74;132.88;133.01;133.13;133.25;133.36;133.47;133.58;133.68;133.78;133.87;133.95;134.03;134.1;134.17;134.24;134.3;134.36;134.42;134.48;134.53;134.58;134.62;134.67;134.71;134.75;134.78;134.82;134.85;134.88
0;6.0054;12.128;18.263;24.234;29.96;35.426;40.633;45.599;50.313;54.782;59.039;63.066;66.87;70.496;73.918;77.145;80.221;83.123;85.852;88.438;90.881;93.189;95.373;97.439;99.397;101.24;102.97;104.61;106.16;107.64;109.04;110.36;111.59;112.76;113.87;114.93;115.93;116.89;117.77;118.61;119.41;120.16;120.88;121.57;122.21;122.81;123.38;123.92;124.44;124.93;125.38;125.81;126.2;126.58;126.93;127.27;127.59;127.9;128.19;128.47;128.73;128.97;129.19;129.4;129.61;129.8;129.98;130.16;130.33;130.49;130.65;130.79;130.92;131.04;131.16;131.27;131.38;131.48;131.58;131.68;131.77;131.85;131.93;132;132.07;132.14;132.2;132.26;132.32;132.38;132.43;132.48;132.52;132.56;132.6;132.64;132.68;132.71;132.75;132.78
0;5.9984;11.923;17.736;23.371;28.785;33.967;38.918;43.65;48.157;52.444;56.535;60.416;64.094;67.603;70.923;74.061;77.055;79.883;82.549;85.079;87.472;89.736;91.877;93.903;95.821;97.628;99.334;100.95;102.47;103.92;105.29;106.59;107.8;108.95;110.04;111.08;112.06;113;113.87;114.7;115.48;116.22;116.93;117.6;118.23;118.83;119.39;119.92;120.43;120.91;121.36;121.78;122.17;122.54;122.89;123.22;123.54;123.84;124.13;124.4;124.66;124.9;125.12;125.33;125.52;125.71;125.89;126.07;126.24;126.4;126.55;126.69;126.81;126.94;127.05;127.16;127.27;127.37;127.47;127.57;127.66;127.74;127.81;127.88;127.95;128.02;128.08;128.14;128.2;128.25;128.3;128.35;128.4;128.44;128.48;128.51;128.55;128.58;128.62;128.65
0;6;11.894;17.614;23.133;28.432;33.506;38.359;43.003;47.43;51.646;55.672;59.497;63.126;66.59;69.871;72.975;75.937;78.737;81.38;83.889;86.263;88.51;90.636;92.647;94.551;96.346;98.041;99.644;101.16;102.6;103.96;105.25;106.46;107.6;108.68;109.71;110.69;111.62;112.48;113.3;114.08;114.82;115.52;116.19;116.82;117.41;117.97;118.5;119;119.48;119.93;120.34;120.73;121.1;121.45;121.78;122.09;122.39;122.68;122.95;123.21;123.44;123.66;123.87;124.07;124.26;124.44;124.61;124.78;124.94;125.09;125.23;125.35;125.47;125.59;125.7;125.8;125.91;126;126.1;126.19;126.27;126.34;126.42;126.48;126.55;126.61;126.67;126.73;126.78;126.83;126.88;126.92;126.97;127.01;127.04;127.08;127.11;127.15;127.18
0;6.0024;11.89;17.551;22.986;28.197;33.188;37.964;42.538;46.902;51.062;55.038;58.819;62.409;65.837;69.088;72.166;75.103;77.882;80.506;82.999;85.36;87.594;89.708;91.708;93.601;95.387;97.074;98.67;100.18;101.61;102.96;104.24;105.45;106.59;107.66;108.69;109.66;110.58;111.45;112.26;113.04;113.77;114.47;115.14;115.76;116.35;116.9;117.43;117.93;118.41;118.85;119.27;119.66;120.02;120.37;120.7;121.01;121.31;121.6;121.87;122.13;122.36;122.58;122.79;122.98;123.17;123.35;123.52;123.69;123.85;124;124.13;124.26;124.38;124.5;124.61;124.71;124.81;124.91;125.01;125.09;125.17;125.25;125.32;125.39;125.45;125.51;125.57;125.63;125.68;125.74;125.78;125.83;125.87;125.91;125.94;125.98;126.01;126.05;126.08
0;6.0044;11.898;17.53;22.914;28.07;33.007;37.735;42.265;46.589;50.713;54.657;58.41;61.976;65.383;68.615;71.677;74.599;77.366;79.979;82.463;84.816;87.043;89.15;91.144;93.031;94.812;96.495;98.087;99.593;101.02;102.37;103.65;104.85;105.98;107.06;108.08;109.05;109.97;110.83;111.64;112.41;113.15;113.84;114.51;115.13;115.72;116.27;116.8;117.3;117.77;118.22;118.63;119.02;119.38;119.73;120.06;120.37;120.67;120.96;121.23;121.49;121.72;121.94;122.14;122.34;122.53;122.71;122.88;123.04;123.21;123.36;123.49;123.62;123.74;123.85;123.96;124.07;124.17;124.26;124.36;124.45;124.53;124.6;124.67;124.74;124.8;124.87;124.92;124.98;125.04;125.09;125.13;125.18;125.22;125.26;125.3;125.33;125.37;125.4;125.43
0;6.0079;11.906;17.522;22.877;28.001;32.909;37.609;42.113;46.416;50.52;54.447;58.186;61.739;65.135;68.358;71.412;74.328;77.089;79.698;82.178;84.528;86.753;88.858;90.85;92.734;94.514;96.197;97.787;99.292;100.72;102.07;103.34;104.54;105.67;106.75;107.77;108.74;109.66;110.52;111.33;112.1;112.83;113.53;114.19;114.82;115.4;115.96;116.48;116.98;117.46;117.9;118.32;118.7;119.07;119.42;119.75;120.06;120.36;120.64;120.92;121.17;121.4;121.62;121.83;122.02;122.21;122.39;122.56;122.73;122.89;123.04;123.17;123.3;123.42;123.54;123.64;123.75;123.85;123.95;124.04;124.13;124.21;124.28;124.36;124.42;124.49;124.55;124.61;124.66;124.72;124.77;124.82;124.86;124.9;124.94;124.98;125.01;125.05;125.08;125.11
0;6.0059;11.888;17.506;22.877;28.02;32.948;37.666;42.187;46.505;50.622;54.561;58.31;61.873;65.276;68.505;71.565;74.486;77.251;79.863;82.346;84.698;86.925;89.032;91.025;92.911;94.693;96.376;97.967;99.473;100.9;102.25;103.52;104.72;105.86;106.93;107.95;108.92;109.85;110.71;111.52;112.29;113.02;113.72;114.38;115.01;115.59;116.15;116.67;117.17;117.65;118.1;118.51;118.9;119.26;119.61;119.94;120.25;120.55;120.83;121.11;121.36;121.59;121.81;122.02;122.22;122.4;122.58;122.75;122.92;123.08;123.23;123.37;123.49;123.61;123.73;123.84;123.94;124.04;124.14;124.24;124.32;124.4;124.48;124.55;124.62;124.68;124.74;124.8;124.86;124.91;124.96;125.01;125.05;125.1;125.14;125.17;125.21;125.24;125.27;125.31
0;6.002;11.87;17.509;22.926;28.122;33.1;37.865;42.429;46.785;50.938;54.908;58.684;62.27;65.695;68.943;72.019;74.955;77.733;80.356;82.849;85.209;87.443;89.557;91.557;93.449;95.235;96.923;98.518;100.03;101.46;102.81;104.09;105.29;106.43;107.51;108.53;109.51;110.43;111.29;112.11;112.88;113.62;114.32;114.98;115.61;116.19;116.75;117.28;117.78;118.25;118.7;119.11;119.5;119.87;120.22;120.55;120.86;121.16;121.44;121.72;121.98;122.21;122.43;122.63;122.83;123.02;123.2;123.37;123.54;123.7;123.85;123.98;124.11;124.23;124.34;124.45;124.56;124.66;124.76;124.85;124.94;125.02;125.1;125.17;125.24;125.3;125.36;125.42;125.48;125.53;125.58;125.63;125.67;125.72;125.76;125.79;125.83;125.86;125.9;125.93
0;5.9944;11.908;17.723;23.365;28.789;33.982;38.946;43.691;48.212;52.513;56.618;60.513;64.206;67.728;71.062;74.214;77.221;80.061;82.74;85.281;87.686;89.96;92.112;94.148;96.075;97.89;99.604;101.22;102.76;104.21;105.59;106.89;108.11;109.27;110.37;111.41;112.39;113.34;114.21;115.04;115.83;116.57;117.28;117.96;118.59;119.19;119.75;120.29;120.8;121.28;121.73;122.15;122.55;122.92;123.27;123.6;123.92;124.22;124.51;124.79;125.05;125.29;125.51;125.72;125.92;126.11;126.29;126.46;126.63;126.8;126.95;127.09;127.21;127.34;127.45;127.56;127.67;127.77;127.87;127.97;128.06;128.14;128.22;128.29;128.36;128.42;128.48;128.54;128.6;128.66;128.71;128.76;128.8;128.84;128.88;128.92;128.96;128.99;129.03;129.06
0;5.9978;12.014;18.004;23.834;29.436;34.793;39.907;44.79;49.435;53.848;58.055;62.043;65.816;69.414;72.815;76.027;79.09;81.981;84.703;87.286;89.727;92.035;94.218;96.284;98.24;100.08;101.82;103.46;105.01;106.49;107.89;109.21;110.44;111.62;112.73;113.78;114.78;115.74;116.63;117.47;118.26;119.02;119.74;120.42;121.07;121.67;122.24;122.78;123.3;123.79;124.25;124.67;125.07;125.44;125.8;126.14;126.46;126.77;127.06;127.34;127.6;127.84;128.07;128.28;128.48;128.67;128.86;129.03;129.2;129.37;129.52;129.66;129.79;129.92;130.03;130.15;130.25;130.36;130.46;130.56;130.65;130.73;130.81;130.88;130.95;131.02;131.08;131.14;131.2;131.26;131.31;131.36;131.4;131.44;131.48;131.52;131.56;131.59;131.63;131.66
0;6.0075;12.182;18.384;24.424;30.219;35.751;41.023;46.051;50.825;55.352;59.665;63.745;67.6;71.274;74.743;78.013;81.132;84.072;86.839;89.46;91.937;94.277;96.491;98.585;100.57;102.43;104.19;105.86;107.43;108.92;110.34;111.68;112.93;114.12;115.24;116.31;117.33;118.3;119.2;120.05;120.85;121.62;122.35;123.04;123.69;124.3;124.88;125.43;125.95;126.44;126.91;127.34;127.74;128.12;128.48;128.82;129.15;129.46;129.75;130.04;130.3;130.54;130.77;130.98;131.19;131.38;131.57;131.75;131.92;132.09;132.24;132.38;132.52;132.64;132.76;132.87;132.98;133.09;133.19;133.29;133.38;133.46;133.54;133.62;133.69;133.75;133.82;133.88;133.94;134;134.05;134.1;134.14;134.19;134.23;134.27;134.3;134.34;134.37;134.4
0;6.1047;12.737;19.395;25.838;31.982;37.816;43.354;48.619;53.597;58.296;62.766;66.978;70.944;74.72;78.275;81.617;84.803;87.801;90.615;93.275;95.786;98.156;100.4;102.52;104.53;106.41;108.19;109.87;111.46;112.97;114.4;115.76;117.02;118.22;119.36;120.44;121.47;122.45;123.36;124.21;125.03;125.8;126.54;127.24;127.89;128.51;129.09;129.65;130.17;130.67;131.14;131.57;131.97;132.36;132.72;133.06;133.39;133.7;134;134.28;134.55;134.79;135.02;135.24;135.44;135.64;135.82;136;136.18;136.35;136.51;136.65;136.78;136.9;137.02;137.14;137.25;137.36;137.46;137.56;137.65;137.74;137.81;137.89;137.96;138.03;138.09;138.15;138.21;138.27;138.33;138.37;138.42;138.46;138.5;138.54;138.58;138.62;138.65;138.68
0;6.2294;13.125;19.988;26.593;32.865;38.803;44.425;49.76;54.793;59.533;64.037;68.273;72.254;76.043;79.604;82.948;86.134;89.13;91.938;94.59;97.091;99.451;101.68;103.79;105.8;107.67;109.44;111.11;112.69;114.19;115.62;116.97;118.23;119.42;120.55;121.62;122.65;123.62;124.53;125.38;126.19;126.96;127.69;128.39;129.04;129.65;130.23;130.78;131.3;131.79;132.26;132.69;133.09;133.47;133.83;134.17;134.5;134.8;135.1;135.38;135.65;135.89;136.12;136.33;136.53;136.73;136.91;137.09;137.26;137.43;137.59;137.73;137.86;137.99;138.1;138.22;138.33;138.43;138.54;138.64;138.73;138.81;138.89;138.96;139.03;139.1;139.17;139.23;139.29;139.34;139.4;139.45;139.49;139.53;139.58;139.61;139.65;139.69;139.72;139.75
0;6.375;13.515;20.555;27.289;33.659;39.669;45.344;50.723;55.783;60.537;65.051;69.289;73.262;77.044;80.592;83.92;87.091;90.068;92.857;95.486;97.965;100.3;102.51;104.61;106.59;108.45;110.2;111.85;113.41;114.9;116.32;117.65;118.9;120.08;121.2;122.26;123.27;124.24;125.13;125.98;126.78;127.54;128.26;128.95;129.6;130.2;130.78;131.32;131.83;132.32;132.78;133.2;133.6;133.98;134.33;134.67;134.99;135.29;135.59;135.87;136.13;136.37;136.59;136.8;137;137.19;137.38;137.55;137.72;137.89;138.05;138.18;138.31;138.44;138.55;138.67;138.77;138.88;138.98;139.08;139.17;139.25;139.33;139.4;139.47;139.54;139.6;139.66;139.72;139.78;139.83;139.88;139.92;139.97;140.01;140.05;140.08;140.12;140.15;140.18
0;6.5384;14.065;21.43;28.402;34.937;41.063;46.819;52.257;57.349;62.109;66.624;70.844;74.787;78.538;82.048;85.33;88.457;91.389;94.127;96.705;99.131;101.42;103.58;105.63;107.58;109.39;111.09;112.7;114.23;115.68;117.07;118.38;119.6;120.75;121.84;122.88;123.87;124.81;125.69;126.51;127.29;128.04;128.74;129.41;130.04;130.63;131.19;131.72;132.22;132.69;133.14;133.55;133.94;134.3;134.65;134.98;135.29;135.59;135.87;136.14;136.4;136.63;136.84;137.05;137.25;137.43;137.61;137.78;137.95;138.11;138.26;138.4;138.52;138.64;138.76;138.87;138.97;139.07;139.17;139.27;139.36;139.44;139.51;139.59;139.65;139.72;139.78;139.84;139.9;139.95;140;140.05;140.09;140.14;140.17;140.21;140.25;140.28;140.31;140.34
0;6.5039;14.161;21.676;28.76;35.374;41.554;47.349;52.817;57.926;62.693;67.211;71.428;75.361;79.102;82.599;85.865;88.976;91.891;94.612;97.17;99.576;101.85;103.99;106.02;107.95;109.75;111.44;113.03;114.55;115.99;117.36;118.66;119.87;121.01;122.09;123.12;124.1;125.04;125.9;126.72;127.5;128.23;128.93;129.6;130.22;130.8;131.35;131.88;132.37;132.84;133.28;133.69;134.07;134.44;134.78;135.1;135.41;135.7;135.99;136.26;136.51;136.74;136.95;137.15;137.35;137.53;137.71;137.88;138.04;138.2;138.35;138.49;138.61;138.73;138.84;138.95;139.06;139.16;139.25;139.35;139.44;139.52;139.59;139.66;139.73;139.79;139.86;139.91;139.97;140.03;140.08;140.12;140.17;140.21;140.25;140.28;140.32;140.35;140.38;140.41
0;6.4245;14.182;21.826;29.01;35.69;41.919;47.749;53.244;58.369;63.144;67.667;71.883;75.81;79.544;83.032;86.287;89.388;92.29;94.998;97.541;99.933;102.19;104.32;106.34;108.26;110.05;111.72;113.31;114.81;116.24;117.61;118.9;120.09;121.23;122.3;123.32;124.3;125.23;126.09;126.9;127.67;128.4;129.1;129.76;130.37;130.95;131.5;132.02;132.51;132.98;133.42;133.82;134.2;134.56;134.9;135.22;135.53;135.82;136.1;136.37;136.62;136.84;137.05;137.26;137.45;137.63;137.81;137.97;138.14;138.3;138.45;138.58;138.7;138.82;138.93;139.04;139.14;139.24;139.34;139.43;139.52;139.6;139.68;139.75;139.81;139.88;139.94;139.99;140.05;140.11;140.16;140.2;140.24;140.29;140.32;140.36;140.4;140.43;140.46;140.49
0;6.3281;14.183;21.956;29.233;35.975;42.245;48.104;53.621;58.758;63.535;68.059;72.27;76.187;79.912;83.388;86.628;89.715;92.603;95.295;97.822;100.2;102.44;104.55;106.56;108.47;110.24;111.9;113.47;114.96;116.39;117.74;119.03;120.21;121.34;122.4;123.42;124.39;125.31;126.17;126.97;127.74;128.46;129.15;129.8;130.41;130.99;131.53;132.05;132.54;133;133.43;133.83;134.21;134.56;134.9;135.22;135.52;135.81;136.09;136.35;136.6;136.82;137.04;137.24;137.43;137.61;137.78;137.95;138.11;138.27;138.42;138.55;138.67;138.79;138.9;139;139.11;139.21;139.3;139.4;139.48;139.56;139.63;139.7;139.77;139.83;139.89;139.95;140.01;140.06;140.11;140.16;140.2;140.24;140.28;140.31;140.35;140.38;140.41;140.44
0;6.3985;14.266;22.012;29.26;35.978;42.226;48.065;53.564;58.683;63.445;67.954;72.152;76.056;79.769;83.234;86.465;89.542;92.422;95.105;97.625;99.993;102.23;104.33;106.33;108.24;110.01;111.66;113.23;114.72;116.13;117.49;118.77;119.95;121.07;122.13;123.15;124.11;125.03;125.88;126.69;127.45;128.17;128.86;129.51;130.12;130.7;131.24;131.75;132.24;132.7;133.13;133.53;133.91;134.26;134.6;134.91;135.21;135.5;135.78;136.04;136.29;136.51;136.72;136.92;137.11;137.29;137.47;137.63;137.79;137.95;138.1;138.23;138.35;138.47;138.58;138.69;138.79;138.89;138.98;139.08;139.16;139.24;139.32;139.38;139.45;139.51;139.57;139.63;139.69;139.74;139.79;139.84;139.88;139.92;139.96;139.99;140.03;140.06;140.09;140.12
0;6.5478;14.394;22.053;29.224;35.882;42.081;47.877;53.338;58.426;63.161;67.647;71.824;75.712;79.41;82.862;86.082;89.149;92.019;94.695;97.208;99.571;101.8;103.9;105.9;107.8;109.56;111.21;112.78;114.26;115.68;117.03;118.3;119.48;120.6;121.66;122.67;123.64;124.56;125.41;126.21;126.97;127.69;128.37;129.03;129.63;130.21;130.75;131.26;131.75;132.21;132.64;133.04;133.41;133.77;134.1;134.42;134.72;135.01;135.28;135.55;135.79;136.02;136.23;136.43;136.61;136.8;136.97;137.13;137.3;137.45;137.6;137.73;137.85;137.97;138.08;138.19;138.29;138.39;138.48;138.58;138.66;138.74;138.81;138.88;138.95;139.01;139.07;139.13;139.18;139.24;139.29;139.33;139.38;139.42;139.45;139.49;139.53;139.56;139.59;139.62
0;6.7672;14.421;21.814;28.773;35.278;41.36;47.064;52.449;57.481;62.179;66.632;70.79;74.669;78.358;81.808;85.031;88.102;90.978;93.664;96.189;98.566;100.81;102.92;104.93;106.84;108.61;110.28;111.86;113.35;114.77;116.13;117.41;118.6;119.73;120.8;121.82;122.79;123.71;124.57;125.38;126.14;126.87;127.56;128.21;128.83;129.41;129.95;130.47;130.96;131.42;131.86;132.26;132.64;133;133.34;133.66;133.96;134.25;134.53;134.79;135.04;135.27;135.48;135.68;135.87;136.05;136.23;136.4;136.56;136.72;136.87;137;137.12;137.24;137.35;137.46;137.56;137.66;137.76;137.85;137.94;138.02;138.09;138.16;138.23;138.29;138.35;138.41;138.47;138.52;138.57;138.62;138.66;138.7;138.74;138.77;138.81;138.84;138.87;138.9
0;6.6578;14.146;21.405;28.272;34.717;40.762;46.443;51.813;56.843;61.548;66.011;70.185;74.086;77.797;81.271;84.52;87.615;90.518;93.23;95.783;98.187;100.45;102.6;104.63;106.55;108.35;110.04;111.64;113.15;114.59;115.96;117.26;118.47;119.61;120.69;121.72;122.7;123.64;124.5;125.32;126.1;126.83;127.53;128.2;128.82;129.4;129.96;130.48;130.98;131.45;131.89;132.3;132.68;133.04;133.39;133.71;134.02;134.32;134.6;134.87;135.12;135.35;135.56;135.77;135.96;136.15;136.32;136.49;136.66;136.82;136.97;137.1;137.23;137.35;137.46;137.57;137.67;137.77;137.87;137.97;138.06;138.14;138.21;138.28;138.35;138.41;138.47;138.53;138.59;138.64;138.7;138.74;138.79;138.83;138.87;138.9;138.94;138.97;139;139.03
0;6.4829;13.758;20.869;27.635;34.013;40.015;45.67;51.023;56.049;60.762;65.234;69.426;73.35;77.084;80.584;83.862;86.985;89.916;92.658;95.242;97.676;99.973;102.14;104.2;106.15;107.97;109.68;111.3;112.84;114.3;115.69;117;118.22;119.38;120.48;121.52;122.52;123.47;124.34;125.17;125.96;126.71;127.42;128.09;128.72;129.32;129.88;130.41;130.91;131.39;131.84;132.26;132.65;133.01;133.36;133.69;134.01;134.31;134.59;134.87;135.12;135.35;135.57;135.78;135.98;136.17;136.35;136.52;136.69;136.85;137;137.14;137.26;137.38;137.5;137.61;137.72;137.82;137.92;138.01;138.1;138.18;138.26;138.33;138.4;138.47;138.53;138.59;138.65;138.7;138.75;138.8;138.84;138.89;138.93;138.96;139;139.03;139.07;139.1
0;6.7622;13.624;19.997;25.986;31.644;36.996;42.062;46.876;51.419;55.702;59.778;63.615;67.226;70.664;73.9;76.942;79.841;82.568;85.128;87.547;89.829;91.984;94.021;95.949;97.777;99.49;101.1;102.63;104.07;105.44;106.75;107.98;109.13;110.22;111.25;112.24;113.17;114.06;114.89;115.67;116.41;117.11;117.78;118.42;119.01;119.57;120.1;120.6;121.08;121.53;121.96;122.35;122.72;123.07;123.39;123.71;124;124.29;124.56;124.82;125.06;125.28;125.49;125.68;125.87;126.05;126.22;126.38;126.54;126.69;126.84;126.96;127.08;127.2;127.31;127.41;127.51;127.61;127.7;127.79;127.88;127.95;128.02;128.09;128.16;128.22;128.28;128.33;128.39;128.44;128.49;128.53;128.58;128.61;128.65;128.69;128.72;128.75;128.78;128.81
0;5.981;11.339;16.305;21.009;25.504;29.807;33.926;37.874;41.644;45.24;48.681;51.956;55.07;58.045;60.869;63.547;66.102;68.521;70.807;72.981;75.041;76.99;78.835;80.581;82.232;83.792;85.267;86.661;87.98;89.228;90.411;91.528;92.579;93.574;94.515;95.409;96.258;97.065;97.818;98.531;99.207;99.848;100.46;101.04;101.59;102.1;102.59;103.05;103.48;103.9;104.29;104.65;104.99;105.31;105.62;105.91;106.18;106.44;106.69;106.93;107.16;107.36;107.55;107.73;107.9;108.07;108.22;108.37;108.52;108.66;108.79;108.91;109.02;109.13;109.23;109.32;109.41;109.5;109.59;109.67;109.75;109.82;109.88;109.95;110.01;110.06;110.12;110.17;110.22;110.27;110.31;110.35;110.39;110.43;110.46;110.49;110.52;110.55;110.58;110.61
0;6.3912;13.125;19.585;25.739;31.585;37.131;42.394;47.399;52.132;56.603;60.857;64.869;68.647;72.247;75.637;78.826;81.866;84.728;87.416;89.958;92.357;94.622;96.764;98.791;100.71;102.51;104.21;105.82;107.34;108.78;110.15;111.45;112.66;113.8;114.89;115.92;116.9;117.84;118.71;119.53;120.31;121.05;121.75;122.42;123.05;123.64;124.2;124.73;125.23;125.7;126.15;126.56;126.95;127.32;127.66;127.99;128.31;128.6;128.89;129.16;129.42;129.65;129.87;130.07;130.27;130.46;130.64;130.81;130.98;131.14;131.29;131.42;131.55;131.67;131.78;131.89;132;132.1;132.2;132.3;132.39;132.46;132.54;132.61;132.68;132.74;132.81;132.86;132.92;132.98;133.03;133.08;133.12;133.16;133.2;133.24;133.27;133.31;133.34;133.37
0;8.2562;16.584;23.943;30.669;36.894;42.677;48.07;53.151;57.877;62.27;66.432;70.307;73.91;77.338;80.536;83.518;86.359;89.017;91.494;93.819;96.006;98.066;100.01;101.86;103.62;105.25;106.77;108.22;109.59;110.9;112.15;113.33;114.42;115.46;116.44;117.37;118.26;119.11;119.9;120.64;121.34;122.01;122.64;123.25;123.81;124.34;124.84;125.31;125.76;126.19;126.59;126.95;127.3;127.63;127.94;128.23;128.51;128.77;129.03;129.27;129.5;129.71;129.9;130.09;130.26;130.43;130.59;130.74;130.89;131.04;131.17;131.29;131.4;131.51;131.61;131.71;131.81;131.9;131.99;132.07;132.15;132.23;132.29;132.36;132.42;132.48;132.53;132.58;132.64;132.69;132.73;132.77;132.81;132.85;132.89;132.92;132.95;132.98;133.01;133.04
0;5.8964;11.363;16.571;21.558;26.337;30.913;35.292;39.484;43.483;47.294;50.937;54.401;57.69;60.83;63.807;66.626;69.316;71.861;74.263;76.546;78.707;80.753;82.688;84.519;86.251;87.886;89.43;90.891;92.272;93.581;94.821;95.992;97.093;98.135;99.122;100.06;100.95;101.79;102.58;103.33;104.04;104.71;105.35;105.96;106.53;107.07;107.58;108.06;108.52;108.95;109.36;109.74;110.1;110.43;110.75;111.05;111.34;111.61;111.87;112.12;112.36;112.57;112.77;112.96;113.14;113.31;113.48;113.63;113.79;113.93;114.07;114.19;114.31;114.42;114.53;114.63;114.72;114.82;114.9;114.99;115.07;115.15;115.21;115.28;115.34;115.4;115.46;115.51;115.56;115.61;115.66;115.7;115.74;115.78;115.82;115.85;115.88;115.92;115.94;115.97
0;7.9666;15.663;22.789;29.44;35.661;41.481;46.941;52.098;56.921;61.427;65.7;69.693;73.42;76.966;80.284;83.386;86.341;89.11;91.696;94.129;96.42;98.579;100.62;102.55;104.39;106.1;107.71;109.23;110.67;112.04;113.35;114.59;115.73;116.82;117.85;118.83;119.76;120.66;121.48;122.26;123;123.7;124.36;125;125.59;126.15;126.67;127.17;127.64;128.09;128.51;128.9;129.27;129.61;129.94;130.25;130.54;130.82;131.09;131.35;131.59;131.8;132.01;132.2;132.38;132.56;132.73;132.89;133.05;133.2;133.34;133.47;133.59;133.7;133.81;133.91;134.01;134.11;134.2;134.29;134.38;134.45;134.52;134.59;134.66;134.72;134.78;134.83;134.89;134.94;134.99;135.03;135.07;135.11;135.15;135.18;135.22;135.25;135.28;135.31
0;5.9607;11.699;17.262;22.627;27.774;32.7;37.408;41.91;46.2;50.281;54.178;57.877;61.385;64.731;67.9;70.896;73.755;76.457;79.004;81.423;83.711;85.876;87.924;89.862;91.696;93.424;95.057;96.6;98.06;99.444;100.76;102;103.16;104.26;105.3;106.29;107.24;108.13;108.97;109.76;110.5;111.22;111.89;112.54;113.14;113.71;114.24;114.75;115.24;115.7;116.13;116.53;116.9;117.26;117.59;117.91;118.22;118.5;118.78;119.04;119.29;119.52;119.73;119.93;120.12;120.3;120.47;120.64;120.8;120.96;121.1;121.23;121.35;121.47;121.58;121.69;121.79;121.89;121.98;122.07;122.16;122.24;122.31;122.38;122.44;122.5;122.56;122.62;122.68;122.73;122.78;122.82;122.87;122.91;122.94;122.98;123.01;123.05;123.08;123.11
0;8.1147;15.681;22.727;29.317;35.484;41.255;46.67;51.786;56.571;61.041;65.281;69.244;72.943;76.462;79.755;82.834;85.766;88.515;91.082;93.498;95.772;97.916;99.941;101.86;103.69;105.38;106.98;108.49;109.92;111.28;112.58;113.81;114.95;116.03;117.05;118.02;118.95;119.84;120.65;121.43;122.16;122.86;123.52;124.15;124.73;125.29;125.81;126.31;126.77;127.22;127.64;128.02;128.39;128.73;129.05;129.36;129.65;129.93;130.19;130.45;130.69;130.9;131.11;131.3;131.48;131.66;131.82;131.99;132.14;132.29;132.44;132.56;132.68;132.79;132.9;133;133.1;133.2;133.29;133.38;133.46;133.54;133.61;133.67;133.74;133.8;133.86;133.91;133.97;134.02;134.07;134.11;134.15;134.19;134.23;134.26;134.3;134.33;134.36;134.39
0;5.9482;11.805;17.541;23.076;28.378;33.443;38.275;42.889;47.276;51.443;55.416;59.181;62.744;66.141;69.353;72.385;75.277;78.007;80.578;83.016;85.321;87.5;89.561;91.512;93.358;95.096;96.736;98.286;99.754;101.14;102.47;103.71;104.88;105.99;107.04;108.03;108.98;109.88;110.72;111.51;112.26;112.98;113.66;114.3;114.91;115.48;116.02;116.53;117.02;117.48;117.91;118.31;118.69;119.04;119.38;119.7;120;120.29;120.57;120.83;121.08;121.31;121.52;121.72;121.91;122.09;122.26;122.43;122.59;122.75;122.9;123.03;123.15;123.26;123.38;123.48;123.58;123.68;123.78;123.87;123.96;124.03;124.11;124.18;124.24;124.3;124.36;124.42;124.48;124.53;124.58;124.62;124.67;124.71;124.75;124.78;124.82;124.85;124.88;124.91
0;8.6836;15.981;22.547;28.663;34.422;39.844;44.957;49.804;54.363;58.644;62.713;66.533;70.116;73.527;76.729;79.733;82.595;85.284;87.802;90.178;92.417;94.531;96.528;98.419;100.21;101.89;103.47;104.96;106.37;107.72;109;110.21;111.33;112.4;113.41;114.37;115.28;116.16;116.96;117.73;118.45;119.14;119.79;120.42;121;121.55;122.06;122.55;123.02;123.46;123.88;124.26;124.62;124.96;125.28;125.58;125.87;126.15;126.41;126.67;126.9;127.12;127.32;127.51;127.69;127.86;128.03;128.19;128.34;128.5;128.64;128.76;128.88;128.99;129.1;129.2;129.3;129.39;129.48;129.57;129.65;129.73;129.8;129.86;129.93;129.99;130.04;130.1;130.15;130.2;130.25;130.29;130.33;130.37;130.41;130.44;130.48;130.51;130.54;130.57
0;5.9398;11.851;17.542;22.975;28.151;33.077;37.765;42.234;46.473;50.489;54.316;57.935;61.353;64.611;67.686;70.586;73.351;75.958;78.41;80.733;82.928;85.002;86.964;88.82;90.579;92.231;93.789;95.262;96.657;97.98;99.237;100.42;101.53;102.59;103.58;104.53;105.43;106.29;107.09;107.84;108.56;109.23;109.88;110.49;111.07;111.61;112.12;112.61;113.07;113.51;113.92;114.3;114.66;115;115.31;115.62;115.9;116.18;116.44;116.69;116.93;117.14;117.34;117.53;117.71;117.89;118.05;118.21;118.36;118.51;118.65;118.77;118.89;119;119.11;119.21;119.3;119.4;119.49;119.58;119.66;119.73;119.8;119.87;119.93;119.99;120.04;120.1;120.15;120.2;120.25;120.29;120.33;120.37;120.41;120.44;120.47;120.51;120.54;120.56
0;7.395;14.703;21.581;28.064;34.169;39.914;45.326;50.452;55.266;59.783;64.071;68.091;71.858;75.442;78.803;81.953;84.954;87.771;90.407;92.893;95.234;97.444;99.531;101.51;103.39;105.14;106.79;108.34;109.82;111.23;112.57;113.83;115;116.12;117.17;118.18;119.14;120.05;120.89;121.69;122.45;123.17;123.85;124.5;125.11;125.68;126.22;126.73;127.22;127.68;128.11;128.51;128.88;129.24;129.57;129.89;130.19;130.48;130.76;131.02;131.27;131.49;131.7;131.9;132.09;132.27;132.45;132.61;132.77;132.93;133.08;133.21;133.33;133.45;133.56;133.66;133.77;133.87;133.96;134.05;134.14;134.22;134.29;134.36;134.43;134.49;134.55;134.61;134.66;134.71;134.76;134.81;134.85;134.89;134.93;134.97;135;135.03;135.07;135.1
0;7.2753;15.331;22.837;29.795;36.253;42.264;47.882;53.177;58.11;62.701;67.051;71.104;74.876;78.464;81.815;84.94;87.918;90.704;93.303;95.743;98.038;100.2;102.24;104.18;106.03;107.74;109.34;110.86;112.31;113.68;114.99;116.23;117.38;118.46;119.49;120.47;121.41;122.3;123.13;123.91;124.65;125.35;126.01;126.64;127.23;127.79;128.32;128.81;129.29;129.73;130.15;130.54;130.9;131.25;131.57;131.88;132.17;132.45;132.72;132.98;133.22;133.43;133.64;133.83;134.01;134.19;134.36;134.52;134.68;134.83;134.97;135.1;135.22;135.33;135.44;135.54;135.64;135.74;135.83;135.92;136.01;136.08;136.15;136.22;136.28;136.34;136.4;136.46;136.51;136.56;136.61;136.66;136.7;136.74;136.77;136.81;136.84;136.87;136.9;136.93
0;8.0426;16.006;23.313;30.075;36.358;42.209;47.677;52.832;57.636;62.108;66.346;70.295;73.971;77.468;80.734;83.781;86.683;89.4;91.934;94.314;96.552;98.662;100.65;102.54;104.34;106.01;107.58;109.06;110.47;111.81;113.09;114.29;115.41;116.47;117.48;118.44;119.35;120.22;121.02;121.78;122.5;123.19;123.84;124.45;125.03;125.57;126.09;126.57;127.03;127.47;127.88;128.25;128.61;128.95;129.26;129.56;129.85;130.12;130.38;130.63;130.87;131.08;131.28;131.47;131.65;131.82;131.98;132.14;132.29;132.44;132.58;132.7;132.82;132.93;133.03;133.14;133.23;133.33;133.42;133.5;133.59;133.66;133.73;133.8;133.86;133.92;133.97;134.03;134.08;134.13;134.18;134.22;134.26;134.3;134.34;134.37;134.4;134.43;134.46;134.49
0;5.9945;11.776;17.281;22.544;27.584;32.411;37.031;41.457;45.681;49.708;53.559;57.223;60.703;64.027;67.18;70.167;73.017;75.715;78.262;80.684;82.977;85.148;87.202;89.145;90.984;92.72;94.36;95.911;97.378;98.767;100.08;101.33;102.5;103.6;104.65;105.64;106.59;107.49;108.33;109.12;109.87;110.59;111.26;111.91;112.52;113.09;113.63;114.14;114.63;115.09;115.53;115.93;116.31;116.66;117;117.32;117.63;117.92;118.19;118.46;118.71;118.94;119.15;119.35;119.54;119.72;119.9;120.07;120.23;120.39;120.53;120.66;120.79;120.9;121.01;121.12;121.22;121.32;121.42;121.51;121.6;121.67;121.75;121.81;121.88;121.94;122;122.06;122.12;122.17;122.22;122.26;122.31;122.35;122.39;122.42;122.46;122.49;122.52;122.55
0;6.008;11.862;17.432;22.746;27.833;32.705;37.37;41.841;46.111;50.184;54.081;57.79;61.315;64.684;67.88;70.909;73.801;76.539;79.125;81.584;83.914;86.119;88.206;90.181;92.049;93.813;95.48;97.057;98.549;99.96;101.3;102.56;103.75;104.88;105.94;106.95;107.91;108.82;109.68;110.48;111.25;111.97;112.66;113.32;113.94;114.52;115.07;115.59;116.08;116.55;117;117.4;117.79;118.15;118.5;118.82;119.13;119.43;119.71;119.98;120.23;120.46;120.68;120.89;121.08;121.27;121.44;121.61;121.78;121.94;122.09;122.22;122.34;122.46;122.58;122.69;122.79;122.89;122.99;123.08;123.17;123.25;123.32;123.39;123.46;123.52;123.58;123.64;123.7;123.75;123.8;123.85;123.89;123.93;123.97;124.01;124.04;124.08;124.11;124.14
0;5.634;10.103;14.215;18.106;21.826;25.385;28.791;32.054;35.169;38.138;40.98;43.684;46.253;48.708;51.037;53.244;55.35;57.345;59.229;61.019;62.716;64.321;65.841;67.278;68.638;69.923;71.137;72.284;73.37;74.398;75.372;76.292;77.157;77.976;78.751;79.486;80.185;80.85;81.47;82.057;82.613;83.141;83.644;84.123;84.572;84.995;85.395;85.774;86.134;86.478;86.799;87.096;87.376;87.64;87.89;88.127;88.352;88.567;88.773;88.971;89.156;89.323;89.48;89.629;89.771;89.906;90.035;90.159;90.278;90.395;90.503;90.6;90.691;90.778;90.86;90.939;91.015;91.087;91.158;91.227;91.291;91.347;91.401;91.452;91.501;91.547;91.592;91.634;91.675;91.715;91.752;91.785;91.817;91.847;91.875;91.902;91.928;91.952;91.976;91.998
0;6.0582;12.454;18.856;25.055;30.976;36.607;41.958;47.05;51.87;56.428;60.764;64.856;68.712;72.385;75.846;79.103;82.208;85.132;87.878;90.476;92.929;95.245;97.436;99.509;101.47;103.32;105.05;106.7;108.25;109.73;111.13;112.46;113.7;114.87;115.98;117.04;118.04;119;119.89;120.73;121.53;122.28;123;123.69;124.33;124.93;125.5;126.04;126.56;127.05;127.5;127.93;128.32;128.7;129.05;129.39;129.71;130.02;130.31;130.59;130.85;131.09;131.31;131.52;131.72;131.91;132.1;132.27;132.44;132.61;132.77;132.9;133.03;133.16;133.27;133.39;133.49;133.6;133.7;133.8;133.89;133.97;134.05;134.12;134.19;134.25;134.32;134.38;134.44;134.49;134.55;134.59;134.64;134.68;134.72;134.76;134.8;134.83;134.87;134.9
0;6.3002;13.159;19.929;26.434;32.616;38.473;44.02;49.289;54.262;58.95;63.406;67.6;71.543;75.297;78.827;82.143;85.304;88.276;91.064;93.697;96.181;98.526;100.74;102.84;104.83;106.69;108.45;110.11;111.68;113.17;114.59;115.93;117.18;118.37;119.49;120.56;121.57;122.54;123.44;124.29;125.1;125.86;126.59;127.28;127.93;128.54;129.11;129.66;130.17;130.67;131.13;131.55;131.95;132.33;132.69;133.03;133.35;133.66;133.95;134.24;134.5;134.74;134.96;135.18;135.38;135.57;135.76;135.93;136.11;136.27;136.43;136.57;136.7;136.82;136.94;137.05;137.16;137.27;137.37;137.47;137.56;137.64;137.72;137.79;137.86;137.93;138;138.06;138.12;138.17;138.23;138.27;138.32;138.36;138.4;138.44;138.48;138.51;138.55;138.58
0;19.049;26.245;31.329;35.701;39.744;43.483;46.954;50.227;53.265;56.083;58.759;61.249;63.564;65.767;67.823;69.74;71.566;73.274;74.866;76.361;77.766;79.09;80.341;81.526;82.655;83.702;84.684;85.613;86.495;87.335;88.138;88.896;89.598;90.262;90.893;91.493;92.066;92.612;93.117;93.593;94.045;94.473;94.88;95.267;95.629;95.969;96.29;96.594;96.882;97.156;97.412;97.649;97.872;98.082;98.281;98.469;98.648;98.818;98.982;99.139;99.286;99.418;99.542;99.66;99.773;99.88;99.982;100.08;100.18;100.27;100.36;100.43;100.51;100.58;100.64;100.71;100.77;100.83;100.88;100.94;100.99;101.04;101.08;101.12;101.16;101.2;101.23;101.27;101.3;101.33;101.36;101.39;101.41;101.44;101.46;101.48;101.5;101.52;101.54;101.56
0;5.9941;11.922;17.757;23.417;28.854;34.053;39.019;43.763;48.278;52.57;56.664;60.546;64.222;67.729;71.045;74.178;77.167;79.989;82.648;85.171;87.556;89.813;91.947;93.966;95.878;97.679;99.378;100.98;102.5;103.95;105.31;106.61;107.82;108.96;110.05;111.08;112.06;113;113.86;114.69;115.47;116.21;116.91;117.58;118.21;118.8;119.36;119.89;120.39;120.87;121.32;121.73;122.13;122.49;122.84;123.17;123.49;123.79;124.08;124.35;124.61;124.84;125.06;125.27;125.47;125.65;125.83;126.01;126.18;126.34;126.49;126.62;126.75;126.87;126.99;127.1;127.2;127.31;127.4;127.5;127.59;127.67;127.74;127.82;127.88;127.95;128.01;128.07;128.13;128.18;128.24;128.28;128.33;128.37;128.41;128.45;128.48;128.51;128.55;128.58
0;7.8377;14.972;20.926;26.263;31.231;35.904;40.313;44.503;48.451;52.167;55.707;59.04;62.175;65.163;67.976;70.62;73.141;75.512;77.738;79.842;81.827;83.701;85.472;87.149;88.738;90.227;91.63;92.956;94.212;95.405;96.54;97.61;98.611;99.558;100.46;101.31;102.12;102.9;103.61;104.29;104.94;105.55;106.13;106.68;107.2;107.69;108.15;108.59;109;109.39;109.76;110.1;110.42;110.73;111.01;111.28;111.54;111.79;112.02;112.25;112.46;112.65;112.83;113;113.16;113.32;113.47;113.61;113.75;113.88;114.01;114.12;114.22;114.32;114.42;114.51;114.59;114.68;114.76;114.84;114.91;114.98;115.04;115.1;115.15;115.21;115.26;115.31;115.35;115.4;115.44;115.48;115.52;115.55;115.59;115.62;115.65;115.67;115.7;115.73
0;7.5005;14.666;20.79;26.347;31.546;36.451;41.089;45.499;49.662;53.587;57.327;60.852;64.172;67.336;70.316;73.12;75.793;78.31;80.673;82.908;85.017;87.009;88.892;90.674;92.363;93.947;95.439;96.849;98.185;99.453;100.66;101.8;102.86;103.87;104.82;105.73;106.59;107.42;108.18;108.9;109.59;110.24;110.86;111.44;112;112.51;113;113.47;113.91;114.33;114.72;115.08;115.42;115.75;116.05;116.34;116.62;116.88;117.13;117.37;117.59;117.8;117.99;118.17;118.34;118.51;118.66;118.82;118.96;119.1;119.24;119.35;119.47;119.57;119.67;119.77;119.86;119.95;120.04;120.12;120.2;120.27;120.34;120.4;120.46;120.52;120.57;120.62;120.67;120.72;120.77;120.81;120.85;120.88;120.92;120.95;120.98;121.01;121.04;121.07
0;6.6514;14.635;22.336;29.51;36.155;42.333;48.103;53.537;58.596;63.3;67.755;71.902;75.758;79.426;82.849;86.04;89.08;91.924;94.575;97.063;99.402;101.61;103.69;105.67;107.55;109.29;110.93;112.47;113.94;115.34;116.68;117.94;119.11;120.22;121.27;122.27;123.22;124.13;124.97;125.77;126.52;127.23;127.91;128.55;129.16;129.72;130.26;130.76;131.24;131.7;132.13;132.52;132.89;133.24;133.57;133.89;134.19;134.47;134.74;135;135.25;135.47;135.68;135.87;136.06;136.24;136.41;136.57;136.73;136.89;137.03;137.16;137.28;137.4;137.51;137.61;137.72;137.81;137.91;138;138.09;138.16;138.23;138.3;138.37;138.43;138.49;138.55;138.6;138.65;138.7;138.75;138.79;138.83;138.87;138.9;138.94;138.97;139;139.03
0;5.9927;11.816;17.429;22.832;28.017;32.983;37.737;42.287;46.629;50.767;54.721;58.48;62.049;65.456;68.686;71.744;74.662;77.423;80.028;82.504;84.847;87.065;89.164;91.149;93.028;94.801;96.475;98.058;99.556;100.98;102.32;103.59;104.78;105.91;106.98;108;108.96;109.88;110.74;111.55;112.31;113.04;113.74;114.4;115.02;115.6;116.15;116.67;117.17;117.64;118.09;118.5;118.88;119.25;119.59;119.92;120.23;120.52;120.81;121.08;121.34;121.57;121.78;121.99;122.18;122.37;122.55;122.72;122.88;123.04;123.19;123.33;123.45;123.57;123.68;123.79;123.9;124;124.09;124.19;124.28;124.36;124.43;124.5;124.57;124.63;124.69;124.75;124.81;124.86;124.91;124.96;125;125.05;125.08;125.12;125.16;125.19;125.22;125.25
0;6.6896;14.313;21.723;28.709;35.243;41.358;47.096;52.514;57.58;62.312;66.799;70.989;74.901;78.621;82.101;85.353;88.452;91.355;94.066;96.616;99.016;101.28;103.42;105.44;107.37;109.16;110.85;112.44;113.95;115.39;116.76;118.05;119.25;120.39;121.47;122.5;123.48;124.41;125.28;126.09;126.87;127.6;128.3;128.96;129.58;130.16;130.72;131.24;131.73;132.2;132.64;133.05;133.43;133.79;134.13;134.46;134.77;135.06;135.34;135.61;135.86;136.09;136.3;136.51;136.7;136.88;137.06;137.23;137.39;137.55;137.7;137.84;137.96;138.08;138.19;138.3;138.41;138.51;138.6;138.7;138.79;138.87;138.94;139.01;139.08;139.14;139.2;139.26;139.32;139.37;139.42;139.47;139.51;139.55;139.59;139.63;139.66;139.7;139.73;139.76
0;6.9691;14.579;21.879;28.751;35.181;41.2;46.848;52.182;57.171;61.83;66.249;70.376;74.229;77.894;81.323;84.527;87.58;90.441;93.112;95.625;97.991;100.22;102.33;104.33;106.22;107.99;109.65;111.22;112.71;114.12;115.48;116.75;117.94;119.06;120.12;121.14;122.1;123.02;123.87;124.68;125.44;126.16;126.85;127.51;128.12;128.69;129.24;129.75;130.24;130.7;131.14;131.54;131.91;132.27;132.61;132.93;133.23;133.52;133.8;134.06;134.31;134.53;134.75;134.95;135.14;135.32;135.49;135.66;135.82;135.98;136.13;136.26;136.38;136.5;136.61;136.72;136.82;136.92;137.01;137.11;137.19;137.27;137.35;137.41;137.48;137.54;137.6;137.66;137.72;137.77;137.82;137.87;137.91;137.95;137.99;138.03;138.06;138.09;138.12;138.15
0;5.5119;10.104;14.367;18.413;22.283;25.985;29.526;32.917;36.151;39.233;42.18;44.983;47.644;50.186;52.596;54.879;57.058;59.119;61.065;62.915;64.666;66.323;67.892;69.376;70.78;72.105;73.357;74.541;75.661;76.722;77.727;78.677;79.569;80.414;81.214;81.973;82.694;83.38;84.02;84.626;85.2;85.745;86.263;86.758;87.221;87.656;88.069;88.46;88.832;89.186;89.517;89.823;90.112;90.384;90.642;90.886;91.119;91.34;91.552;91.756;91.947;92.119;92.281;92.435;92.581;92.72;92.853;92.981;93.104;93.224;93.336;93.436;93.53;93.619;93.704;93.786;93.864;93.939;94.011;94.082;94.148;94.207;94.262;94.315;94.365;94.413;94.459;94.503;94.545;94.586;94.624;94.659;94.691;94.722;94.751;94.779;94.805;94.831;94.855;94.878
0;6.0355;12.314;18.578;24.652;30.466;36.008;41.284;46.312;51.083;55.601;59.905;63.973;67.814;71.473;74.926;78.18;81.282;84.207;86.957;89.561;92.021;94.345;96.543;98.622;100.59;102.44;104.19;105.84;107.4;108.88;110.29;111.62;112.86;114.04;115.16;116.22;117.23;118.19;119.08;119.92;120.73;121.49;122.21;122.9;123.54;124.15;124.72;125.27;125.78;126.27;126.73;127.16;127.56;127.93;128.29;128.63;128.95;129.26;129.55;129.84;130.1;130.34;130.56;130.77;130.98;131.17;131.35;131.53;131.7;131.87;132.02;132.16;132.29;132.42;132.54;132.65;132.76;132.86;132.96;133.06;133.15;133.23;133.31;133.38;133.45;133.52;133.58;133.65;133.7;133.76;133.81;133.86;133.91;133.95;133.99;134.03;134.07;134.1;134.13;134.17
0;10.153;17.417;23.784;29.649;35.146;40.307;45.162;49.759;54.074;58.119;61.961;65.564;68.938;72.15;75.162;77.985;80.675;83.199;85.562;87.79;89.889;91.869;93.74;95.512;97.194;98.765;100.24;101.64;102.96;104.22;105.42;106.55;107.61;108.6;109.55;110.45;111.31;112.13;112.88;113.6;114.28;114.92;115.53;116.11;116.66;117.17;117.66;118.11;118.55;118.96;119.35;119.71;120.04;120.36;120.66;120.95;121.22;121.48;121.72;121.96;122.18;122.38;122.57;122.75;122.92;123.08;123.24;123.39;123.53;123.67;123.8;123.92;124.03;124.13;124.23;124.33;124.42;124.51;124.59;124.68;124.75;124.82;124.89;124.95;125.01;125.07;125.12;125.17;125.22;125.27;125.31;125.35;125.39;125.43;125.46;125.5;125.53;125.56;125.58;125.61
0;10.096;18.044;24.899;31.156;36.971;42.387;47.447;52.221;56.67;60.813;64.742;68.405;71.817;75.063;78.096;80.927;83.624;86.149;88.505;90.718;92.801;94.763;96.617;98.375;100.05;101.6;103.06;104.44;105.75;106.99;108.18;109.3;110.35;111.33;112.27;113.16;114.01;114.82;115.57;116.27;116.94;117.58;118.18;118.76;119.29;119.8;120.28;120.73;121.16;121.56;121.94;122.3;122.63;122.94;123.23;123.51;123.78;124.03;124.28;124.51;124.73;124.92;125.11;125.29;125.45;125.61;125.76;125.91;126.05;126.19;126.32;126.44;126.54;126.65;126.75;126.84;126.93;127.02;127.1;127.18;127.26;127.33;127.39;127.45;127.51;127.57;127.62;127.67;127.72;127.77;127.81;127.85;127.89;127.92;127.96;127.99;128.02;128.05;128.08;128.1
0;13.476;20.77;26.903;32.468;37.643;42.46;46.958;51.201;55.156;58.836;62.328;65.582;68.614;71.498;74.192;76.707;79.102;81.345;83.438;85.404;87.253;88.996;90.643;92.204;93.689;95.068;96.363;97.588;98.75;99.856;100.91;101.91;102.84;103.71;104.54;105.33;106.09;106.81;107.47;108.1;108.7;109.26;109.8;110.31;110.78;111.23;111.66;112.06;112.44;112.8;113.14;113.45;113.74;114.02;114.28;114.53;114.77;114.99;115.21;115.42;115.61;115.78;115.95;116.1;116.25;116.39;116.53;116.66;116.79;116.91;117.02;117.13;117.22;117.31;117.4;117.48;117.56;117.64;117.72;117.79;117.86;117.92;117.98;118.03;118.08;118.13;118.18;118.22;118.27;118.31;118.35;118.38;118.42;118.45;118.48;118.51;118.53;118.56;118.58;118.61
0;6.8886;14.29;21.419;28.172;34.527;40.501;46.125;51.448;56.442;61.122;65.564;69.724;73.618;77.323;80.795;84.046;87.143;90.049;92.767;95.328;97.74;100.01;102.16;104.2;106.14;107.94;109.64;111.24;112.76;114.21;115.58;116.89;118.1;119.24;120.33;121.36;122.35;123.29;124.16;124.98;125.76;126.5;127.2;127.87;128.49;129.08;129.64;130.16;130.66;131.14;131.58;131.99;132.38;132.74;133.09;133.41;133.72;134.02;134.3;134.57;134.83;135.06;135.27;135.48;135.67;135.86;136.04;136.21;136.38;136.54;136.69;136.82;136.95;137.07;137.18;137.29;137.4;137.5;137.6;137.69;137.78;137.86;137.93;138.01;138.07;138.14;138.2;138.26;138.32;138.37;138.42;138.47;138.51;138.55;138.59;138.63;138.67;138.7;138.73;138.76
0;6.0161;12.162;18.254;24.148;29.786;35.16;40.276;45.152;49.777;54.159;58.333;62.279;66.005;69.556;72.907;76.065;79.076;81.914;84.584;87.112;89.5;91.757;93.891;95.911;97.825;99.622;101.32;102.92;104.44;105.88;107.24;108.54;109.74;110.89;111.97;113;113.98;114.92;115.78;116.6;117.38;118.12;118.82;119.49;120.12;120.71;121.26;121.79;122.29;122.77;123.22;123.63;124.02;124.39;124.73;125.06;125.37;125.67;125.96;126.23;126.49;126.72;126.94;127.15;127.34;127.53;127.71;127.88;128.05;128.21;128.36;128.49;128.62;128.74;128.86;128.97;129.07;129.17;129.27;129.37;129.46;129.54;129.61;129.68;129.75;129.81;129.88;129.94;129.99;130.05;130.1;130.15;130.19;130.23;130.27;130.31;130.34;130.38;130.41;130.44
0;5.9417;11.661;17.219;22.585;27.736;32.667;37.382;41.891;46.188;50.278;54.184;57.893;61.409;64.765;67.943;70.948;73.816;76.526;79.082;81.509;83.805;85.977;88.032;89.977;91.817;93.552;95.19;96.738;98.204;99.592;100.91;102.15;103.32;104.43;105.47;106.47;107.41;108.31;109.15;109.94;110.69;111.4;112.08;112.73;113.33;113.9;114.44;114.95;115.44;115.9;116.33;116.73;117.11;117.47;117.8;118.12;118.43;118.72;118.99;119.26;119.51;119.73;119.94;120.15;120.34;120.52;120.69;120.86;121.02;121.18;121.32;121.45;121.58;121.69;121.8;121.91;122.01;122.11;122.2;122.3;122.38;122.46;122.53;122.6;122.67;122.73;122.79;122.85;122.9;122.96;123.01;123.05;123.09;123.13;123.17;123.21;123.24;123.28;123.31;123.34
0;6.2797;13.119;19.861;26.329;32.468;38.278;43.778;48.999;53.924;58.562;62.969;67.116;71.012;74.72;78.206;81.48;84.6;87.533;90.283;92.88;95.329;97.641;99.827;101.9;103.86;105.7;107.42;109.06;110.61;112.08;113.48;114.8;116.04;117.2;118.31;119.36;120.36;121.32;122.21;123.04;123.84;124.59;125.31;125.99;126.63;127.23;127.79;128.33;128.84;129.33;129.78;130.2;130.6;130.97;131.32;131.66;131.97;132.28;132.57;132.85;133.11;133.34;133.56;133.77;133.97;134.16;134.34;134.52;134.69;134.85;135.01;135.14;135.27;135.39;135.51;135.62;135.73;135.83;135.93;136.03;136.12;136.2;136.28;136.35;136.42;136.49;136.55;136.61;136.67;136.72;136.78;136.82;136.87;136.91;136.95;136.99;137.03;137.06;137.09;137.13
0;6.0058;11.87;17.45;22.773;27.867;32.746;37.418;41.895;46.169;50.247;54.147;57.859;61.387;64.757;67.956;70.987;73.88;76.619;79.207;81.667;83.997;86.203;88.29;90.266;92.134;93.899;95.567;97.144;98.636;100.05;101.39;102.65;103.84;104.96;106.03;107.04;108;108.91;109.77;110.57;111.34;112.06;112.75;113.41;114.03;114.61;115.16;115.68;116.18;116.65;117.09;117.5;117.88;118.24;118.59;118.91;119.22;119.52;119.8;120.07;120.33;120.56;120.77;120.98;121.17;121.36;121.54;121.71;121.87;122.03;122.18;122.31;122.44;122.56;122.67;122.78;122.88;122.98;123.08;123.17;123.26;123.34;123.41;123.48;123.55;123.61;123.68;123.73;123.79;123.85;123.9;123.94;123.99;124.03;124.07;124.1;124.14;124.17;124.2;124.23
0;5.8399;11.545;16.827;21.769;26.441;30.878;35.097;39.118;42.93;46.541;49.983;53.239;56.315;59.247;62.016;64.627;67.117;69.465;71.674;73.766;75.744;77.613;79.38;81.052;82.636;84.124;85.528;86.855;88.111;89.303;90.435;91.503;92.504;93.451;94.349;95.201;96.013;96.785;97.503;98.183;98.827;99.438;100.02;100.57;101.09;101.58;102.04;102.48;102.89;103.29;103.66;104;104.32;104.63;104.92;105.19;105.45;105.69;105.93;106.16;106.37;106.56;106.74;106.91;107.08;107.23;107.38;107.52;107.66;107.79;107.92;108.03;108.14;108.24;108.33;108.42;108.51;108.59;108.67;108.75;108.83;108.89;108.96;109.01;109.07;109.12;109.18;109.22;109.27;109.32;109.36;109.4;109.44;109.47;109.5;109.53;109.56;109.59;109.62;109.64
0;5.9977;11.847;17.48;22.896;28.091;33.066;37.826;42.383;46.729;50.87;54.827;58.588;62.158;65.567;68.797;71.855;74.773;77.534;80.139;82.614;84.956;87.174;89.271;91.256;93.134;94.906;96.58;98.163;99.661;101.08;102.42;103.69;104.89;106.02;107.09;108.1;109.07;109.98;110.84;111.65;112.42;113.14;113.84;114.5;115.12;115.7;116.25;116.77;117.27;117.74;118.19;118.6;118.98;119.35;119.69;120.02;120.33;120.62;120.91;121.18;121.43;121.66;121.88;122.09;122.28;122.47;122.64;122.81;122.98;123.14;123.29;123.42;123.55;123.67;123.78;123.89;123.99;124.09;124.19;124.29;124.38;124.45;124.53;124.6;124.67;124.73;124.79;124.85;124.91;124.96;125.01;125.06;125.1;125.14;125.18;125.22;125.25;125.29;125.32;125.35
0;5.2005;9.6406;13.842;17.852;21.689;25.359;28.867;32.224;35.424;38.47;41.381;44.146;46.77;49.274;51.648;53.893;56.036;58.062;59.974;61.79;63.508;65.134;66.673;68.128;69.506;70.805;72.032;73.192;74.29;75.329;76.315;77.246;78.121;78.948;79.732;80.476;81.183;81.856;82.483;83.077;83.639;84.173;84.681;85.166;85.619;86.046;86.45;86.833;87.197;87.544;87.869;88.168;88.451;88.717;88.97;89.209;89.436;89.653;89.861;90.061;90.247;90.415;90.574;90.725;90.868;91.004;91.134;91.259;91.38;91.497;91.607;91.704;91.797;91.884;91.967;92.047;92.123;92.197;92.268;92.337;92.402;92.46;92.514;92.566;92.615;92.662;92.706;92.749;92.791;92.831;92.868;92.902;92.934;92.964;92.993;93.02;93.046;93.071;93.094;93.117
0;5.2727;10.358;14.953;19.199;23.193;26.975;30.563;33.981;37.216;40.274;43.19;45.944;48.543;51.02;53.358;55.56;57.66;59.639;61.501;63.263;64.927;66.5;67.987;69.394;70.727;71.978;73.159;74.275;75.331;76.333;77.286;78.185;79.027;79.823;80.578;81.295;81.978;82.628;83.232;83.804;84.346;84.86;85.348;85.815;86.251;86.661;87.049;87.417;87.766;88.098;88.409;88.696;88.967;89.222;89.464;89.693;89.911;90.118;90.317;90.508;90.686;90.847;90.999;91.143;91.28;91.41;91.535;91.655;91.771;91.883;91.989;92.082;92.17;92.254;92.334;92.411;92.484;92.555;92.623;92.69;92.752;92.807;92.86;92.909;92.956;93.001;93.044;93.086;93.125;93.164;93.2;93.232;93.263;93.292;93.319;93.345;93.37;93.394;93.416;93.438
0;12.741;19.697;25.683;31.179;36.329;41.156;45.69;49.981;54.002;57.766;61.34;64.688;67.82;70.8;73.594;76.209;78.701;81.039;83.225;85.285;87.225;89.055;90.784;92.422;93.977;95.428;96.791;98.081;99.303;100.47;101.57;102.62;103.59;104.52;105.39;106.22;107.01;107.77;108.47;109.13;109.76;110.35;110.91;111.45;111.95;112.43;112.87;113.3;113.7;114.08;114.44;114.77;115.08;115.37;115.65;115.91;116.16;116.4;116.63;116.85;117.05;117.23;117.41;117.57;117.73;117.88;118.02;118.16;118.29;118.42;118.54;118.65;118.75;118.85;118.94;119.03;119.11;119.19;119.27;119.35;119.42;119.49;119.55;119.6;119.66;119.71;119.76;119.81;119.85;119.9;119.94;119.98;120.01;120.04;120.08;120.11;120.13;120.16;120.19;120.21
0;7.541;15.286;22.584;29.403;35.762;41.699;47.26;52.508;57.406;61.975;66.305;70.345;74.112;77.694;81.043;84.17;87.149;89.939;92.542;94.99;97.292;99.463;101.51;103.46;105.31;107.03;108.64;110.17;111.61;112.99;114.31;115.55;116.7;117.79;118.83;119.81;120.75;121.65;122.48;123.26;124;124.71;125.37;126.01;126.61;127.16;127.69;128.19;128.67;129.12;129.54;129.93;130.29;130.64;130.97;131.28;131.57;131.85;132.12;132.38;132.62;132.84;133.04;133.24;133.42;133.6;133.77;133.93;134.09;134.24;134.39;134.51;134.63;134.75;134.86;134.96;135.06;135.16;135.25;135.34;135.43;135.5;135.57;135.64;135.7;135.76;135.82;135.88;135.93;135.99;136.03;136.08;136.12;136.16;136.2;136.23;136.27;136.3;136.33;136.36
0;6.7576;14.536;22.058;29.112;35.684;41.816;47.559;52.975;58.031;62.743;67.209;71.375;75.256;78.948;82.398;85.619;88.687;91.561;94.241;96.761;99.131;101.36;103.48;105.48;107.38;109.15;110.81;112.38;113.87;115.29;116.64;117.92;119.11;120.23;121.3;122.31;123.28;124.2;125.05;125.86;126.62;127.34;128.03;128.68;129.3;129.87;130.41;130.93;131.42;131.88;132.31;132.71;133.09;133.45;133.78;134.1;134.41;134.69;134.97;135.24;135.48;135.71;135.92;136.12;136.31;136.49;136.66;136.83;136.99;137.15;137.3;137.43;137.55;137.67;137.78;137.89;137.99;138.09;138.19;138.28;138.37;138.45;138.52;138.59;138.65;138.72;138.78;138.84;138.89;138.94;139;139.04;139.08;139.12;139.16;139.2;139.23;139.27;139.3;139.33
0;6.3851;13.443;20.395;27.053;33.36;39.318;44.95;50.291;55.321;60.052;64.546;68.768;72.73;76.5;80.042;83.364;86.53;89.505;92.291;94.921;97.4;99.74;101.95;104.04;106.03;107.89;109.64;111.29;112.86;114.34;115.76;117.1;118.35;119.53;120.64;121.71;122.72;123.69;124.58;125.43;126.23;126.99;127.72;128.41;129.05;129.66;130.23;130.78;131.29;131.78;132.24;132.66;133.06;133.44;133.79;134.13;134.45;134.76;135.05;135.33;135.59;135.83;136.06;136.27;136.47;136.66;136.84;137.02;137.19;137.36;137.51;137.65;137.78;137.91;138.02;138.14;138.24;138.35;138.45;138.55;138.64;138.72;138.8;138.87;138.94;139.01;139.07;139.13;139.19;139.25;139.3;139.35;139.4;139.44;139.48;139.52;139.55;139.59;139.62;139.65
0;6.9181;14.335;21.457;28.191;34.521;40.467;46.06;51.351;56.312;60.958;65.366;69.492;73.352;77.024;80.465;83.685;86.752;89.63;92.32;94.854;97.241;99.491;101.62;103.63;105.55;107.33;109.01;110.6;112.1;113.53;114.89;116.18;117.38;118.51;119.59;120.61;121.58;122.51;123.37;124.19;124.96;125.69;126.38;127.04;127.66;128.24;128.79;129.31;129.81;130.28;130.72;131.12;131.5;131.86;132.2;132.53;132.83;133.13;133.41;133.68;133.93;134.15;134.37;134.57;134.76;134.95;135.12;135.29;135.46;135.62;135.77;135.9;136.02;136.14;136.25;136.36;136.47;136.57;136.66;136.76;136.85;136.93;137;137.07;137.14;137.2;137.26;137.32;137.38;137.43;137.48;137.53;137.57;137.61;137.65;137.69;137.72;137.76;137.79;137.82
0;5.9918;11.746;17.229;22.476;27.502;32.317;36.926;41.341;45.557;49.576;53.419;57.076;60.55;63.869;67.017;69.999;72.845;75.539;78.083;80.501;82.791;84.959;87.01;88.951;90.787;92.521;94.159;95.708;97.173;98.56;99.875;101.12;102.28;103.39;104.44;105.43;106.37;107.27;108.11;108.9;109.65;110.36;111.04;111.69;112.29;112.86;113.4;113.91;114.4;114.86;115.3;115.7;116.08;116.43;116.77;117.09;117.39;117.68;117.96;118.23;118.48;118.7;118.92;119.12;119.31;119.49;119.66;119.83;119.99;120.15;120.3;120.43;120.55;120.67;120.78;120.88;120.99;121.08;121.18;121.27;121.36;121.44;121.51;121.58;121.64;121.7;121.76;121.82;121.88;121.93;121.98;122.03;122.07;122.11;122.15;122.18;122.22;122.25;122.28;122.31
0;6.7442;14.671;22.311;29.439;36.051;42.204;47.954;53.37;58.415;63.109;67.554;71.694;75.546;79.209;82.628;85.817;88.854;91.697;94.346;96.834;99.174;101.38;103.46;105.44;107.32;109.06;110.7;112.25;113.72;115.11;116.45;117.71;118.88;119.99;121.04;122.04;123;123.91;124.75;125.54;126.29;127.01;127.68;128.33;128.93;129.5;130.03;130.54;131.02;131.48;131.9;132.3;132.67;133.02;133.35;133.67;133.96;134.25;134.52;134.78;135.03;135.25;135.45;135.65;135.84;136.02;136.19;136.35;136.51;136.67;136.81;136.94;137.06;137.18;137.29;137.39;137.5;137.59;137.69;137.78;137.87;137.94;138.02;138.08;138.15;138.21;138.27;138.33;138.38;138.44;138.49;138.53;138.57;138.61;138.65;138.69;138.72;138.75;138.78;138.81
0;6.525;14.446;22.159;29.363;36.039;42.25;48.054;53.521;58.612;63.347;67.832;72.008;75.893;79.587;83.035;86.25;89.313;92.179;94.851;97.359;99.717;101.94;104.04;106.03;107.93;109.68;111.33;112.89;114.38;115.79;117.14;118.41;119.59;120.7;121.76;122.77;123.73;124.65;125.49;126.3;127.05;127.77;128.45;129.11;129.71;130.28;130.82;131.33;131.82;132.28;132.71;133.11;133.48;133.83;134.17;134.48;134.78;135.07;135.35;135.61;135.86;136.08;136.29;136.49;136.67;136.85;137.03;137.19;137.35;137.51;137.66;137.79;137.91;138.03;138.14;138.24;138.34;138.44;138.54;138.63;138.72;138.79;138.87;138.94;139;139.07;139.13;139.18;139.24;139.29;139.34;139.39;139.43;139.47;139.51;139.54;139.58;139.61;139.64;139.67
0;13.492;20.247;25.796;30.793;35.462;39.848;43.979;47.899;51.585;55.046;58.341;61.437;64.342;67.11;69.712;72.153;74.48;76.667;78.717;80.652;82.477;84.199;85.826;87.366;88.828;90.195;91.481;92.698;93.85;94.945;95.988;96.971;97.889;98.758;99.581;100.36;101.11;101.82;102.48;103.1;103.69;104.25;104.79;105.3;105.77;106.22;106.64;107.04;107.42;107.78;108.12;108.43;108.72;109;109.26;109.51;109.75;109.97;110.19;110.39;110.59;110.76;110.93;111.08;111.23;111.37;111.51;111.64;111.76;111.89;112;112.1;112.2;112.29;112.38;112.46;112.54;112.62;112.69;112.76;112.83;112.89;112.95;113;113.05;113.1;113.15;113.19;113.24;113.28;113.32;113.35;113.39;113.42;113.45;113.48;113.5;113.53;113.55;113.58
0;5.9951;11.594;16.863;21.879;26.678;31.273;35.673;39.889;43.915;47.754;51.427;54.923;58.246;61.421;64.433;67.288;70.013;72.593;75.03;77.348;79.543;81.62;83.587;85.447;87.207;88.87;90.441;91.926;93.331;94.662;95.922;97.112;98.232;99.292;100.3;101.25;102.15;103.01;103.81;104.57;105.29;105.98;106.63;107.25;107.83;108.38;108.89;109.38;109.85;110.3;110.71;111.1;111.46;111.8;112.12;112.43;112.72;113;113.27;113.52;113.76;113.98;114.18;114.38;114.56;114.73;114.9;115.06;115.22;115.37;115.51;115.63;115.75;115.86;115.97;116.07;116.17;116.26;116.35;116.44;116.53;116.6;116.67;116.74;116.8;116.86;116.92;116.97;117.02;117.08;117.12;117.17;117.21;117.25;117.28;117.32;117.35;117.38;117.41;117.44
0;7.0464;14.141;20.823;27.145;33.125;38.778;44.124;49.199;53.984;58.488;62.771;66.799;70.584;74.188;77.576;80.757;83.789;86.64;89.312;91.836;94.216;96.463;98.587;100.6;102.5;104.29;105.97;107.56;109.06;110.49;111.85;113.14;114.33;115.47;116.54;117.57;118.54;119.47;120.33;121.14;121.91;122.65;123.34;124;124.62;125.21;125.76;126.28;126.78;127.25;127.69;128.1;128.48;128.84;129.19;129.51;129.82;130.11;130.39;130.67;130.92;131.15;131.36;131.57;131.76;131.94;132.12;132.29;132.45;132.62;132.76;132.9;133.02;133.14;133.25;133.36;133.47;133.57;133.67;133.76;133.85;133.93;134;134.07;134.14;134.2;134.26;134.32;134.38;134.43;134.49;134.53;134.57;134.62;134.65;134.69;134.73;134.76;134.79;134.82
0;5.4614;9.4666;13.071;16.459;19.694;22.789;25.749;28.587;31.296;33.879;36.351;38.705;40.942;43.08;45.109;47.032;48.868;50.606;52.249;53.811;55.291;56.692;58.017;59.271;60.458;61.579;62.638;63.64;64.587;65.484;66.334;67.137;67.892;68.606;69.283;69.925;70.535;71.115;71.656;72.168;72.654;73.115;73.553;73.972;74.363;74.732;75.081;75.412;75.727;76.027;76.308;76.567;76.811;77.042;77.26;77.467;77.664;77.851;78.031;78.204;78.365;78.511;78.648;78.778;78.902;79.02;79.133;79.241;79.345;79.447;79.542;79.626;79.706;79.781;79.853;79.922;79.988;80.052;80.113;80.173;80.229;80.279;80.326;80.37;80.413;80.453;80.492;80.529;80.565;80.599;80.632;80.661;80.688;80.715;80.739;80.763;80.785;80.807;80.827;80.847
0;5.5104;10.39;15.037;19.476;23.721;27.776;31.647;35.347;38.869;42.217;45.414;48.447;51.32;54.062;56.657;59.11;61.45;63.661;65.745;67.723;69.594;71.363;73.037;74.621;76.121;77.533;78.867;80.128;81.321;82.452;83.525;84.538;85.489;86.389;87.241;88.05;88.82;89.552;90.234;90.879;91.491;92.071;92.624;93.15;93.643;94.107;94.546;94.963;95.358;95.734;96.087;96.412;96.719;97.009;97.283;97.543;97.789;98.025;98.25;98.467;98.67;98.852;99.025;99.188;99.343;99.491;99.632;99.768;99.9;100.03;100.15;100.25;100.35;100.45;100.54;100.62;100.71;100.79;100.86;100.94;101.01;101.07;101.13;101.19;101.24;101.29;101.34;101.39;101.43;101.48;101.52;101.55;101.59;101.62;101.65;101.68;101.71;101.74;101.76;101.79
0;5.9988;12.058;18.097;23.968;29.605;34.991;40.129;45.033;49.695;54.12;58.338;62.332;66.111;69.713;73.116;76.328;79.39;82.28;85.001;87.58;90.018;92.323;94.503;96.565;98.518;100.36;102.09;103.73;105.28;106.75;108.15;109.46;110.7;111.87;112.98;114.03;115.03;115.98;116.87;117.71;118.5;119.26;119.98;120.66;121.3;121.9;122.47;123.01;123.53;124.02;124.47;124.89;125.29;125.67;126.02;126.36;126.68;126.99;127.28;127.56;127.82;128.06;128.28;128.49;128.7;128.89;129.07;129.25;129.42;129.58;129.74;129.87;130;130.13;130.25;130.36;130.47;130.57;130.67;130.77;130.86;130.94;131.02;131.09;131.16;131.23;131.29;131.35;131.41;131.46;131.52;131.56;131.61;131.65;131.69;131.73;131.77;131.8;131.84;131.87
0;6.1204;12.408;18.459;24.234;29.733;34.965;39.942;44.684;49.18;53.438;57.494;61.327;64.947;68.396;71.651;74.719;77.643;80.4;82.993;85.448;87.767;89.958;92.03;93.991;95.849;97.594;99.239;100.79;102.27;103.66;104.99;106.24;107.42;108.53;109.58;110.58;111.53;112.44;113.28;114.07;114.83;115.55;116.23;116.88;117.48;118.06;118.6;119.11;119.6;120.06;120.49;120.89;121.27;121.63;121.96;122.28;122.59;122.87;123.15;123.42;123.67;123.89;124.1;124.3;124.49;124.68;124.85;125.02;125.18;125.34;125.48;125.61;125.74;125.85;125.96;126.07;126.17;126.27;126.37;126.46;126.55;126.62;126.7;126.76;126.83;126.89;126.95;127.01;127.07;127.12;127.17;127.21;127.26;127.3;127.34;127.37;127.41;127.44;127.47;127.5
0;6.1103;12.66;19.202;25.529;31.567;37.307;42.759;47.946;52.856;57.495;61.909;66.073;69.996;73.732;77.252;80.564;83.72;86.692;89.483;92.123;94.615;96.969;99.194;101.3;103.3;105.17;106.93;108.6;110.18;111.68;113.1;114.45;115.71;116.9;118.03;119.1;120.12;121.09;121.99;122.85;123.66;124.43;125.16;125.85;126.5;127.12;127.7;128.24;128.77;129.26;129.73;130.15;130.56;130.94;131.3;131.64;131.97;132.28;132.57;132.86;133.12;133.36;133.59;133.8;134.01;134.2;134.39;134.57;134.74;134.91;135.07;135.2;135.34;135.46;135.58;135.69;135.8;135.91;136.01;136.11;136.2;136.29;136.37;136.44;136.51;136.58;136.64;136.7;136.76;136.82;136.87;136.92;136.97;137.01;137.05;137.09;137.13;137.16;137.2;137.23
0;19.084;25.81;30.843;35.253;39.337;43.122;46.641;49.959;53.043;55.906;58.623;61.152;63.505;65.743;67.832;69.781;71.637;73.374;74.992;76.512;77.942;79.288;80.56;81.766;82.914;83.98;84.979;85.924;86.821;87.676;88.493;89.263;89.977;90.653;91.295;91.905;92.488;93.044;93.557;94.042;94.502;94.937;95.351;95.745;96.113;96.459;96.786;97.095;97.389;97.667;97.928;98.169;98.395;98.609;98.812;99.003;99.185;99.359;99.525;99.685;99.835;99.969;100.1;100.22;100.33;100.44;100.54;100.64;100.74;100.84;100.93;101;101.08;101.15;101.22;101.28;101.34;101.4;101.46;101.52;101.57;101.61;101.66;101.7;101.74;101.78;101.82;101.85;101.88;101.92;101.95;101.97;102;102.02;102.05;102.07;102.09;102.11;102.13;102.15
0;10.24;18.389;25.3;31.564;37.368;42.759;47.787;52.525;56.933;61.031;64.915;68.532;71.897;75.098;78.086;80.873;83.527;86.011;88.326;90.5;92.544;94.47;96.291;98.016;99.659;101.18;102.61;103.97;105.25;106.47;107.64;108.74;109.76;110.73;111.65;112.52;113.36;114.15;114.89;115.58;116.24;116.86;117.45;118.02;118.54;119.04;119.51;119.95;120.37;120.77;121.14;121.48;121.81;122.11;122.4;122.68;122.94;123.19;123.42;123.65;123.87;124.06;124.24;124.41;124.58;124.73;124.88;125.03;125.17;125.3;125.43;125.54;125.65;125.75;125.84;125.94;126.02;126.11;126.19;126.27;126.35;126.41;126.48;126.54;126.6;126.65;126.7;126.75;126.8;126.85;126.89;126.93;126.96;127;127.03;127.06;127.09;127.12;127.15;127.17
0;5.7394;11.057;16.177;21.093;25.803;30.308;34.613;38.729;42.651;46.381;49.944;53.326;56.532;59.591;62.488;65.228;67.841;70.311;72.64;74.851;76.943;78.921;80.793;82.565;84.241;85.821;87.313;88.724;90.058;91.323;92.523;93.655;94.719;95.725;96.678;97.583;98.444;99.262;100.02;100.75;101.43;102.08;102.7;103.29;103.84;104.36;104.85;105.31;105.76;106.18;106.57;106.94;107.28;107.6;107.91;108.2;108.48;108.74;108.99;109.24;109.46;109.67;109.86;110.04;110.22;110.38;110.54;110.69;110.84;110.98;111.11;111.23;111.34;111.45;111.55;111.65;111.74;111.83;111.92;112;112.08;112.15;112.22;112.28;112.34;112.4;112.45;112.5;112.55;112.6;112.65;112.69;112.73;112.76;112.8;112.83;112.86;112.89;112.92;112.95
0;9.8757;18.333;25.341;31.649;37.489;42.91;47.961;52.723;57.151;61.265;65.167;68.799;72.178;75.392;78.392;81.19;83.855;86.348;88.673;90.855;92.907;94.841;96.668;98.4;100.05;101.58;103.01;104.37;105.66;106.89;108.06;109.17;110.19;111.16;112.08;112.96;113.8;114.6;115.33;116.03;116.69;117.31;117.91;118.47;119;119.5;119.97;120.41;120.83;121.23;121.61;121.95;122.28;122.59;122.88;123.15;123.41;123.66;123.9;124.13;124.35;124.54;124.72;124.89;125.06;125.22;125.37;125.51;125.65;125.79;125.91;126.03;126.13;126.23;126.33;126.42;126.51;126.6;126.68;126.76;126.84;126.9;126.97;127.03;127.08;127.14;127.19;127.24;127.29;127.34;127.38;127.42;127.46;127.49;127.52;127.55;127.58;127.61;127.64;127.67
0;5.9947;11.875;17.605;23.144;28.463;33.555;38.422;43.077;47.514;51.735;55.766;59.593;63.221;66.683;69.962;73.062;76.02;78.815;81.451;83.954;86.322;88.562;90.682;92.687;94.585;96.374;98.064;99.661;101.17;102.6;103.96;105.25;106.45;107.59;108.67;109.69;110.67;111.6;112.46;113.28;114.05;114.79;115.49;116.15;116.78;117.37;117.92;118.45;118.95;119.43;119.87;120.29;120.68;121.04;121.39;121.72;122.03;122.33;122.62;122.89;123.15;123.38;123.6;123.8;124;124.19;124.37;124.54;124.71;124.87;125.02;125.15;125.28;125.4;125.51;125.62;125.73;125.83;125.93;126.02;126.11;126.19;126.27;126.34;126.41;126.47;126.53;126.59;126.65;126.7;126.76;126.8;126.85;126.89;126.93;126.96;127;127.03;127.07;127.1
0;12.46;19.43;25.581;31.255;36.558;41.518;46.167;50.56;54.668;58.505;62.146;65.548;68.726;71.748;74.577;77.222;79.742;82.104;84.31;86.386;88.34;90.183;91.924;93.573;95.142;96.602;97.973;99.27;100.5;101.67;102.79;103.84;104.82;105.75;106.63;107.46;108.26;109.02;109.73;110.39;111.02;111.62;112.19;112.73;113.23;113.71;114.16;114.58;114.99;115.37;115.73;116.06;116.37;116.66;116.94;117.21;117.46;117.7;117.93;118.15;118.35;118.54;118.71;118.88;119.03;119.18;119.33;119.47;119.6;119.73;119.85;119.96;120.06;120.16;120.25;120.34;120.42;120.51;120.59;120.66;120.73;120.8;120.86;120.92;120.97;121.02;121.07;121.12;121.17;121.21;121.25;121.29;121.33;121.36;121.39;121.42;121.45;121.48;121.5;121.53
0;5.9661;11.83;17.582;23.141;28.47;33.559;38.415;43.05;47.458;51.642;55.633;59.413;62.99;66.401;69.625;72.669;75.572;78.312;80.892;83.339;85.652;87.839;89.908;91.865;93.719;95.463;97.109;98.665;100.14;101.53;102.86;104.11;105.28;106.4;107.45;108.45;109.4;110.3;111.14;111.94;112.7;113.41;114.09;114.74;115.35;115.92;116.47;116.98;117.47;117.93;118.36;118.77;119.14;119.5;119.84;120.16;120.46;120.75;121.03;121.3;121.55;121.77;121.98;122.19;122.38;122.56;122.73;122.9;123.06;123.22;123.37;123.5;123.62;123.74;123.85;123.96;124.06;124.16;124.25;124.35;124.43;124.51;124.58;124.65;124.72;124.78;124.84;124.9;124.95;125.01;125.06;125.1;125.15;125.19;125.22;125.26;125.3;125.33;125.36;125.39
0;6.5126;13.741;20.814;27.56;33.929;39.932;45.596;50.96;56.003;60.737;65.232;69.448;73.399;77.159;80.686;83.992;87.141;90.099;92.866;95.476;97.936;100.26;102.45;104.53;106.5;108.34;110.07;111.71;113.26;114.73;116.14;117.47;118.7;119.87;120.98;122.03;123.04;124;124.88;125.72;126.52;127.27;127.99;128.67;129.31;129.91;130.48;131.02;131.53;132.01;132.47;132.88;133.28;133.65;134;134.34;134.66;134.96;135.25;135.53;135.79;136.02;136.24;136.45;136.65;136.84;137.02;137.2;137.37;137.53;137.69;137.82;137.95;138.07;138.19;138.3;138.41;138.51;138.61;138.71;138.8;138.88;138.96;139.03;139.1;139.17;139.23;139.29;139.35;139.4;139.46;139.5;139.55;139.59;139.63;139.67;139.71;139.74;139.77;139.8
0;6.1461;12.558;18.792;24.76;30.44;35.835;40.96;45.837;50.453;54.816;58.969;62.888;66.583;70.102;73.419;76.541;79.517;82.319;84.952;87.444;89.796;92.018;94.118;96.106;97.991;99.758;101.42;103;104.49;105.91;107.25;108.52;109.71;110.84;111.9;112.91;113.88;114.8;115.65;116.46;117.22;117.95;118.64;119.29;119.91;120.49;121.04;121.55;122.05;122.51;122.95;123.36;123.74;124.1;124.44;124.76;125.07;125.36;125.64;125.91;126.16;126.39;126.61;126.81;127;127.18;127.36;127.53;127.69;127.85;128;128.13;128.26;128.38;128.49;128.6;128.7;128.8;128.9;128.99;129.08;129.16;129.23;129.3;129.37;129.43;129.49;129.55;129.6;129.66;129.71;129.76;129.8;129.84;129.88;129.91;129.95;129.98;130.01;130.05
0;6.2569;12.617;18.506;24.026;29.241;34.183;38.869;43.329;47.546;51.53;55.323;58.903;62.276;65.491;68.52;71.372;74.09;76.65;79.055;81.331;83.48;85.509;87.428;89.243;90.964;92.579;94.1;95.539;96.901;98.193;99.423;100.58;101.67;102.7;103.67;104.59;105.47;106.31;107.09;107.83;108.53;109.19;109.82;110.42;110.98;111.51;112.01;112.49;112.93;113.36;113.76;114.13;114.48;114.81;115.12;115.42;115.7;115.96;116.22;116.47;116.7;116.9;117.1;117.28;117.46;117.63;117.79;117.94;118.09;118.24;118.37;118.49;118.61;118.71;118.82;118.92;119.01;119.1;119.19;119.28;119.36;119.43;119.49;119.56;119.62;119.68;119.73;119.79;119.84;119.89;119.93;119.97;120.01;120.05;120.09;120.12;120.15;120.18;120.21;120.24
0;6.8527;14.683;22.216;29.265;35.822;41.933;47.651;53.042;58.068;62.749;67.185;71.319;75.169;78.831;82.251;85.442;88.482;91.328;93.982;96.476;98.821;101.03;103.12;105.1;106.99;108.73;110.38;111.93;113.4;114.81;116.15;117.41;118.59;119.7;120.75;121.75;122.71;123.62;124.46;125.26;126.02;126.73;127.41;128.06;128.66;129.23;129.77;130.28;130.76;131.22;131.65;132.04;132.42;132.77;133.1;133.42;133.72;134;134.27;134.54;134.78;135;135.21;135.41;135.6;135.78;135.95;136.11;136.27;136.43;136.58;136.71;136.83;136.94;137.05;137.16;137.26;137.36;137.45;137.55;137.63;137.71;137.78;137.85;137.92;137.98;138.04;138.1;138.15;138.2;138.25;138.3;138.34;138.38;138.42;138.46;138.49;138.52;138.55;138.58
0;6.5254;14.367;22.029;29.205;35.868;42.075;47.88;53.35;58.449;63.195;67.692;71.881;75.78;79.489;82.952;86.182;89.26;92.14;94.826;97.348;99.72;101.96;104.07;106.07;107.98;109.75;111.41;112.98;114.47;115.89;117.24;118.52;119.71;120.83;121.9;122.91;123.88;124.8;125.65;126.46;127.22;127.95;128.63;129.29;129.9;130.48;131.02;131.53;132.02;132.48;132.92;133.32;133.69;134.05;134.39;134.7;135.01;135.3;135.57;135.84;136.09;136.31;136.52;136.72;136.91;137.09;137.26;137.43;137.59;137.75;137.9;138.03;138.15;138.27;138.38;138.49;138.59;138.69;138.79;138.88;138.97;139.04;139.12;139.19;139.25;139.32;139.38;139.43;139.49;139.54;139.59;139.64;139.68;139.72;139.76;139.8;139.83;139.86;139.9;139.93
0;7.3224;15.507;23.057;30.026;36.48;42.48;48.081;53.356;58.267;62.832;67.158;71.184;74.93;78.492;81.817;84.917;87.87;90.633;93.209;95.626;97.9;100.04;102.07;103.99;105.81;107.51;109.1;110.6;112.03;113.39;114.69;115.91;117.05;118.13;119.15;120.12;121.05;121.93;122.75;123.52;124.25;124.94;125.6;126.23;126.81;127.36;127.88;128.37;128.84;129.28;129.7;130.08;130.44;130.78;131.11;131.41;131.7;131.98;132.24;132.49;132.73;132.95;133.15;133.34;133.52;133.69;133.86;134.02;134.18;134.33;134.47;134.59;134.71;134.82;134.93;135.03;135.13;135.23;135.32;135.41;135.49;135.56;135.64;135.7;135.77;135.83;135.88;135.94;135.99;136.04;136.09;136.13;136.18;136.21;136.25;136.29;136.32;136.35;136.38;136.41
0;7.882;15.786;23.075;29.841;36.139;42.013;47.509;52.694;57.532;62.04;66.314;70.3;74.014;77.547;80.849;83.932;86.868;89.618;92.183;94.594;96.863;99.001;101.02;102.94;104.76;106.45;108.04;109.54;110.97;112.33;113.62;114.85;115.98;117.06;118.08;119.04;119.97;120.85;121.67;122.44;123.17;123.86;124.52;125.15;125.73;126.28;126.8;127.29;127.76;128.2;128.62;129;129.36;129.7;130.03;130.33;130.62;130.9;131.16;131.42;131.65;131.87;132.07;132.26;132.44;132.62;132.78;132.94;133.1;133.25;133.39;133.52;133.63;133.75;133.85;133.95;134.05;134.15;134.24;134.33;134.41;134.49;134.56;134.62;134.69;134.75;134.81;134.86;134.91;134.97;135.01;135.06;135.1;135.14;135.17;135.21;135.24;135.27;135.3;135.33
0;8.6829;15.869;22.171;27.971;33.413;38.538;43.372;47.959;52.277;56.336;60.197;63.826;67.234;70.479;73.529;76.392;79.12;81.685;84.089;86.359;88.499;90.519;92.429;94.236;95.951;97.555;99.065;100.49;101.84;103.13;104.35;105.51;106.58;107.6;108.57;109.49;110.37;111.2;111.97;112.71;113.4;114.06;114.68;115.28;115.84;116.36;116.86;117.32;117.77;118.19;118.59;118.96;119.3;119.63;119.93;120.23;120.5;120.77;121.02;121.26;121.49;121.7;121.89;122.07;122.25;122.41;122.57;122.72;122.87;123.02;123.15;123.27;123.38;123.49;123.59;123.69;123.78;123.87;123.96;124.04;124.12;124.2;124.26;124.33;124.39;124.44;124.5;124.55;124.6;124.65;124.7;124.74;124.78;124.81;124.85;124.88;124.91;124.94;124.97;125
0;18.176;25.088;30.281;34.843;39.074;43.001;46.656;50.106;53.315;56.298;59.129;61.767;64.223;66.56;68.743;70.78;72.72;74.536;76.23;77.821;79.317;80.728;82.06;83.323;84.525;85.641;86.688;87.678;88.618;89.513;90.369;91.175;91.923;92.632;93.304;93.943;94.553;95.136;95.673;96.182;96.663;97.119;97.553;97.966;98.352;98.714;99.057;99.381;99.689;99.981;100.25;100.51;100.74;100.97;101.18;101.38;101.57;101.75;101.93;102.1;102.25;102.39;102.53;102.65;102.77;102.89;103;103.1;103.2;103.3;103.4;103.48;103.56;103.63;103.7;103.77;103.83;103.9;103.96;104.02;104.07;104.12;104.17;104.21;104.25;104.29;104.33;104.37;104.4;104.43;104.47;104.5;104.52;104.55;104.57;104.59;104.62;104.64;104.66;104.68
0;6.8952;14.115;21.033;27.601;33.808;39.661;45.187;50.426;55.354;59.985;64.383;68.513;72.386;76.072;79.532;82.777;85.869;88.774;91.494;94.059;96.478;98.76;100.92;102.96;104.9;106.71;108.41;110.02;111.55;113;114.38;115.69;116.9;118.05;119.15;120.18;121.17;122.11;122.99;123.81;124.6;125.34;126.04;126.72;127.34;127.94;128.49;129.02;129.53;130;130.45;130.86;131.25;131.62;131.97;132.29;132.61;132.9;133.19;133.46;133.72;133.95;134.17;134.37;134.57;134.76;134.94;135.11;135.28;135.44;135.59;135.72;135.85;135.97;136.09;136.2;136.3;136.4;136.5;136.6;136.69;136.77;136.84;136.92;136.98;137.05;137.11;137.17;137.23;137.28;137.33;137.38;137.42;137.47;137.51;137.54;137.58;137.61;137.65;137.68
0;6.0086;11.887;17.474;22.8;27.894;32.773;37.446;41.924;46.202;50.282;54.186;57.902;61.435;64.81;68.014;71.051;73.95;76.694;79.288;81.754;84.089;86.301;88.394;90.374;92.247;94.017;95.689;97.271;98.767;100.18;101.52;102.79;103.98;105.11;106.18;107.19;108.16;109.07;109.93;110.73;111.5;112.23;112.92;113.58;114.2;114.78;115.33;115.86;116.35;116.83;117.27;117.68;118.06;118.43;118.77;119.1;119.41;119.71;119.99;120.26;120.52;120.75;120.97;121.17;121.37;121.55;121.73;121.9;122.07;122.23;122.38;122.51;122.63;122.75;122.87;122.98;123.08;123.18;123.28;123.37;123.46;123.54;123.61;123.68;123.75;123.81;123.88;123.93;123.99;124.05;124.1;124.14;124.19;124.23;124.27;124.3;124.34;124.37;124.4;124.44
0;6.4495;13.544;20.484;27.109;33.374;39.285;44.866;50.156;55.133;59.81;64.251;68.42;72.33;76.051;79.543;82.818;85.939;88.869;91.614;94.203;96.643;98.945;101.12;103.18;105.14;106.97;108.68;110.31;111.85;113.32;114.71;116.03;117.25;118.42;119.52;120.56;121.56;122.51;123.39;124.23;125.02;125.77;126.48;127.16;127.79;128.39;128.95;129.49;129.99;130.47;130.92;131.34;131.73;132.1;132.45;132.79;133.1;133.4;133.69;133.97;134.22;134.46;134.68;134.88;135.08;135.27;135.45;135.63;135.79;135.96;136.11;136.25;136.37;136.5;136.61;136.72;136.83;136.93;137.03;137.13;137.22;137.3;137.38;137.45;137.52;137.58;137.65;137.71;137.76;137.82;137.87;137.92;137.96;138;138.04;138.08;138.12;138.15;138.19;138.22
0;8.4894;15.899;22.725;29.107;35.096;40.713;45.994;50.989;55.67;60.051;64.21;68.102;71.742;75.206;78.451;81.488;84.381;87.095;89.632;92.022;94.272;96.395;98.401;100.3;102.11;103.79;105.37;106.87;108.28;109.63;110.92;112.13;113.26;114.33;115.34;116.31;117.23;118.1;118.91;119.68;120.41;121.1;121.75;122.38;122.96;123.51;124.03;124.52;124.98;125.42;125.84;126.22;126.58;126.92;127.24;127.55;127.84;128.11;128.38;128.63;128.87;129.08;129.28;129.47;129.65;129.83;129.99;130.15;130.31;130.46;130.6;130.72;130.84;130.95;131.06;131.16;131.26;131.35;131.45;131.54;131.62;131.69;131.76;131.83;131.89;131.95;132.01;132.06;132.12;132.17;132.22;132.26;132.3;132.34;132.38;132.41;132.44;132.48;132.51;132.53
0;6.8952;14.002;20.72;27.072;33.073;38.738;44.09;49.168;53.949;58.447;62.72;66.737;70.507;74.097;77.469;80.633;83.649;86.483;89.138;91.645;94.008;96.239;98.347;100.34;102.24;104.01;105.68;107.25;108.74;110.16;111.52;112.79;113.98;115.11;116.17;117.19;118.15;119.08;119.93;120.74;121.5;122.23;122.92;123.58;124.19;124.77;125.32;125.84;126.33;126.8;127.23;127.64;128.02;128.38;128.72;129.04;129.34;129.64;129.92;130.18;130.44;130.66;130.87;131.08;131.27;131.45;131.63;131.8;131.96;132.12;132.27;132.4;132.52;132.64;132.75;132.86;132.96;133.06;133.16;133.25;133.34;133.42;133.49;133.56;133.63;133.69;133.75;133.81;133.87;133.92;133.97;134.02;134.06;134.1;134.14;134.18;134.21;134.25;134.28;134.31
0;6.1328;12.764;19.38;25.764;31.842;37.608;43.075;48.27;53.179;57.809;62.212;66.359;70.26;73.975;77.47;80.756;83.887;86.833;89.597;92.209;94.674;97.001;99.201;101.28;103.26;105.11;106.85;108.5;110.06;111.54;112.95;114.28;115.52;116.7;117.81;118.87;119.88;120.85;121.74;122.58;123.38;124.14;124.86;125.55;126.19;126.8;127.37;127.91;128.43;128.92;129.37;129.8;130.2;130.57;130.93;131.26;131.58;131.89;132.18;132.46;132.73;132.96;133.19;133.4;133.6;133.79;133.97;134.15;134.32;134.49;134.64;134.78;134.91;135.03;135.15;135.27;135.37;135.48;135.58;135.68;135.77;135.85;135.93;136;136.07;136.14;136.2;136.26;136.32;136.38;136.43;136.48;136.52;136.56;136.61;136.64;136.68;136.71;136.75;136.78
0;8.0504;15.229;21.647;27.605;33.217;38.514;43.52;48.274;52.756;56.976;60.991;64.768;68.319;71.701;74.882;77.871;80.719;83.397;85.909;88.283;90.521;92.635;94.632;96.523;98.316;99.994;101.57;103.07;104.48;105.83;107.11;108.32;109.44;110.51;111.52;112.48;113.4;114.27;115.08;115.85;116.57;117.26;117.92;118.54;119.12;119.67;120.19;120.68;121.15;121.59;122.01;122.39;122.75;123.09;123.42;123.72;124.01;124.29;124.55;124.81;125.05;125.26;125.46;125.66;125.84;126.01;126.18;126.34;126.49;126.64;126.79;126.91;127.03;127.14;127.25;127.35;127.45;127.54;127.63;127.72;127.81;127.88;127.95;128.02;128.08;128.14;128.2;128.25;128.3;128.36;128.4;128.45;128.49;128.53;128.56;128.6;128.63;128.66;128.69;128.72
0;8.3379;15.733;22.55;28.938;34.943;40.585;45.896;50.923;55.641;60.061;64.259;68.192;71.873;75.377;78.661;81.738;84.669;87.419;89.992;92.417;94.701;96.855;98.891;100.82;102.65;104.36;105.97;107.48;108.92;110.29;111.6;112.83;113.98;115.06;116.09;117.07;118;118.89;119.72;120.5;121.23;121.93;122.6;123.23;123.82;124.38;124.91;125.41;125.88;126.33;126.75;127.14;127.5;127.85;128.18;128.49;128.78;129.06;129.33;129.59;129.83;130.05;130.25;130.44;130.63;130.81;130.97;131.14;131.29;131.45;131.59;131.72;131.83;131.95;132.06;132.16;132.26;132.36;132.45;132.54;132.62;132.7;132.77;132.84;132.9;132.96;133.02;133.08;133.13;133.18;133.23;133.28;133.32;133.36;133.39;133.43;133.46;133.49;133.53;133.55
0;6.6851;14.192;21.485;28.386;34.861;40.934;46.644;52.04;57.096;61.825;66.311;70.507;74.429;78.159;81.652;84.92;88.032;90.951;93.678;96.246;98.663;100.94;103.1;105.14;107.08;108.89;110.58;112.19;113.71;115.16;116.54;117.84;119.06;120.2;121.29;122.33;123.31;124.26;125.13;125.95;126.73;127.47;128.17;128.84;129.47;130.06;130.61;131.14;131.64;132.11;132.56;132.97;133.35;133.72;134.06;134.39;134.7;135;135.28;135.55;135.81;136.04;136.25;136.46;136.65;136.84;137.01;137.19;137.35;137.51;137.66;137.8;137.92;138.04;138.16;138.27;138.37;138.47;138.57;138.67;138.76;138.84;138.91;138.98;139.05;139.12;139.18;139.24;139.29;139.35;139.4;139.45;139.49;139.53;139.57;139.61;139.64;139.68;139.71;139.74
0;14.587;21.148;26.419;31.104;35.46;39.543;43.383;47.025;50.447;53.658;56.715;59.586;62.28;64.847;67.258;69.522;71.678;73.705;75.605;77.398;79.088;80.683;82.191;83.618;84.972;86.238;87.429;88.556;89.623;90.637;91.603;92.515;93.365;94.169;94.933;95.658;96.349;97.008;97.619;98.196;98.743;99.262;99.756;100.23;100.67;101.08;101.47;101.84;102.19;102.53;102.84;103.13;103.4;103.66;103.9;104.13;104.35;104.56;104.76;104.95;105.13;105.29;105.44;105.59;105.72;105.85;105.98;106.1;106.22;106.33;106.44;106.53;106.62;106.7;106.78;106.86;106.94;107.01;107.08;107.14;107.21;107.26;107.31;107.36;107.41;107.46;107.5;107.54;107.58;107.62;107.66;107.69;107.72;107.75;107.78;107.8;107.83;107.85;107.88;107.9
0;6.0003;12.046;18.065;23.915;29.528;34.889;40;44.877;49.511;53.907;58.097;62.063;65.813;69.388;72.764;75.95;78.987;81.853;84.55;87.107;89.523;91.807;93.967;96.011;97.947;99.767;101.48;103.11;104.64;106.1;107.49;108.79;110.02;111.18;112.28;113.32;114.31;115.25;116.13;116.96;117.75;118.5;119.21;119.89;120.52;121.12;121.69;122.22;122.73;123.21;123.67;124.09;124.48;124.85;125.2;125.54;125.85;126.16;126.45;126.73;126.99;127.22;127.44;127.65;127.85;128.04;128.22;128.4;128.57;128.73;128.88;129.02;129.15;129.27;129.39;129.5;129.6;129.71;129.81;129.9;129.99;130.07;130.15;130.22;130.29;130.36;130.42;130.48;130.54;130.59;130.65;130.69;130.74;130.78;130.82;130.86;130.89;130.93;130.96;130.99
0;6.0021;11.87;17.484;22.86;28.009;32.942;37.663;42.186;46.502;50.618;54.553;58.296;61.852;65.249;68.47;71.521;74.433;77.189;79.792;82.266;84.608;86.825;88.924;90.909;92.787;94.56;96.236;97.82;99.319;100.74;102.08;103.35;104.55;105.68;106.75;107.76;108.73;109.65;110.5;111.31;112.08;112.81;113.5;114.17;114.79;115.37;115.92;116.44;116.94;117.42;117.86;118.27;118.65;119.02;119.36;119.69;120;120.3;120.58;120.86;121.11;121.34;121.56;121.76;121.96;122.15;122.32;122.5;122.66;122.82;122.97;123.1;123.23;123.35;123.46;123.57;123.68;123.78;123.87;123.97;124.06;124.14;124.21;124.28;124.35;124.41;124.47;124.53;124.59;124.64;124.69;124.74;124.78;124.83;124.86;124.9;124.94;124.97;125;125.03
0;5.991;11.645;16.969;22.035;26.881;31.522;35.964;40.221;44.285;48.161;51.869;55.398;58.752;61.956;64.996;67.877;70.627;73.23;75.689;78.028;80.242;82.339;84.323;86.2;87.976;89.653;91.238;92.737;94.155;95.497;96.769;97.97;99.1;100.17;101.18;102.14;103.05;103.92;104.73;105.5;106.23;106.92;107.57;108.2;108.78;109.33;109.86;110.35;110.82;111.27;111.69;112.08;112.44;112.79;113.12;113.43;113.72;114;114.27;114.53;114.77;114.99;115.19;115.39;115.57;115.75;115.92;116.08;116.24;116.39;116.53;116.66;116.77;116.89;117;117.1;117.2;117.29;117.38;117.47;117.56;117.63;117.7;117.77;117.83;117.89;117.95;118.01;118.06;118.11;118.16;118.2;118.25;118.28;118.32;118.36;118.39;118.42;118.45;118.48
0;5.9347;11.454;16.687;21.688;26.479;31.066;35.453;39.655;43.663;47.482;51.133;54.604;57.9;61.047;64.031;66.857;69.553;72.104;74.512;76.801;78.967;81.018;82.958;84.794;86.531;88.17;89.719;91.183;92.568;93.88;95.124;96.299;97.403;98.447;99.437;100.38;101.27;102.12;102.91;103.66;104.37;105.04;105.68;106.29;106.87;107.41;107.92;108.4;108.86;109.3;109.71;110.09;110.44;110.78;111.1;111.4;111.69;111.96;112.22;112.48;112.71;112.92;113.13;113.32;113.5;113.67;113.83;113.99;114.14;114.29;114.43;114.55;114.67;114.78;114.89;114.99;115.08;115.17;115.26;115.35;115.43;115.51;115.58;115.64;115.7;115.76;115.82;115.87;115.92;115.98;116.02;116.07;116.11;116.14;116.18;116.21;116.25;116.28;116.31;116.34
0;6.0143;12.208;18.414;24.446;30.223;35.731;40.975;45.972;50.712;55.202;59.477;63.518;67.333;70.968;74.397;77.629;80.71;83.614;86.344;88.93;91.372;93.68;95.863;97.928;99.885;101.72;103.46;105.09;106.65;108.12;109.52;110.84;112.07;113.24;114.35;115.4;116.4;117.36;118.25;119.09;119.88;120.64;121.35;122.04;122.68;123.28;123.85;124.39;124.9;125.39;125.85;126.27;126.67;127.04;127.4;127.73;128.05;128.36;128.65;128.93;129.19;129.43;129.65;129.86;130.06;130.25;130.44;130.61;130.78;130.95;131.1;131.24;131.37;131.49;131.61;131.72;131.83;131.93;132.03;132.13;132.22;132.3;132.38;132.45;132.52;132.59;132.65;132.71;132.77;132.83;132.88;132.93;132.97;133.02;133.06;133.1;133.13;133.17;133.2;133.23
0;6.0021;11.851;17.448;22.809;27.947;32.869;37.581;42.096;46.406;50.515;54.445;58.184;61.737;65.13;68.349;71.398;74.309;77.063;79.665;82.138;84.48;86.696;88.794;90.779;92.656;94.429;96.105;97.689;99.187;100.61;101.95;103.22;104.41;105.54;106.61;107.63;108.59;109.51;110.37;111.18;111.95;112.67;113.37;114.03;114.65;115.23;115.78;116.31;116.8;117.28;117.72;118.13;118.52;118.88;119.23;119.55;119.87;120.16;120.45;120.72;120.97;121.2;121.42;121.63;121.82;122.01;122.19;122.36;122.52;122.68;122.83;122.97;123.09;123.21;123.33;123.43;123.54;123.64;123.74;123.83;123.92;124;124.07;124.14;124.21;124.27;124.34;124.39;124.45;124.51;124.56;124.6;124.65;124.69;124.73;124.76;124.8;124.83;124.87;124.9
0;5.9882;11.85;17.57;23.105;28.424;33.517;38.388;43.047;47.487;51.715;55.751;59.585;63.22;66.689;69.975;73.082;76.047;78.849;81.492;84.002;86.377;88.623;90.748;92.759;94.662;96.456;98.151;99.752;101.27;102.7;104.07;105.35;106.56;107.7;108.79;109.81;110.79;111.72;112.58;113.4;114.18;114.92;115.62;116.29;116.92;117.5;118.06;118.59;119.09;119.57;120.02;120.43;120.82;121.19;121.54;121.87;122.18;122.48;122.77;123.05;123.3;123.53;123.75;123.96;124.16;124.35;124.53;124.7;124.87;125.03;125.18;125.31;125.44;125.56;125.68;125.79;125.89;125.99;126.09;126.19;126.28;126.36;126.43;126.5;126.57;126.64;126.7;126.76;126.81;126.87;126.92;126.97;127.01;127.05;127.09;127.13;127.17;127.2;127.23;127.26
0;9.4934;17.119;24.007;30.382;36.326;41.873;47.066;51.967;56.542;60.807;64.852;68.627;72.146;75.493;78.622;81.545;84.329;86.936;89.37;91.658;93.811;95.84;97.757;99.575;101.3;102.91;104.42;105.85;107.2;108.49;109.72;110.88;111.96;112.98;113.95;114.87;115.74;116.58;117.36;118.09;118.78;119.44;120.06;120.66;121.21;121.74;122.23;122.7;123.14;123.56;123.96;124.32;124.66;124.99;125.29;125.58;125.86;126.12;126.37;126.61;126.84;127.04;127.24;127.42;127.59;127.75;127.91;128.06;128.21;128.36;128.49;128.61;128.72;128.83;128.93;129.03;129.12;129.21;129.3;129.38;129.46;129.53;129.6;129.66;129.72;129.78;129.83;129.89;129.94;129.99;130.03;130.07;130.11;130.15;130.18;130.22;130.25;130.28;130.31;130.33
0;5.9892;11.914;17.76;23.434;28.887;34.104;39.088;43.85;48.385;52.696;56.81;60.711;64.406;67.931;71.266;74.416;77.422;80.26;82.935;85.473;87.873;90.143;92.291;94.322;96.246;98.057;99.767;101.38;102.91;104.36;105.74;107.04;108.26;109.41;110.5;111.54;112.53;113.47;114.34;115.17;115.95;116.7;117.4;118.08;118.71;119.3;119.87;120.4;120.91;121.39;121.84;122.26;122.65;123.02;123.37;123.71;124.02;124.32;124.61;124.89;125.15;125.38;125.61;125.81;126.01;126.2;126.38;126.56;126.73;126.89;127.04;127.18;127.31;127.43;127.54;127.65;127.76;127.86;127.96;128.06;128.15;128.23;128.31;128.38;128.45;128.51;128.57;128.63;128.69;128.75;128.8;128.85;128.89;128.93;128.97;129.01;129.05;129.08;129.11;129.14
0;7.6273;15.749;23.217;30.111;36.5;42.441;47.987;53.212;58.076;62.598;66.884;70.873;74.585;78.114;81.409;84.481;87.408;90.146;92.699;95.095;97.348;99.472;101.48;103.38;105.19;106.87;108.45;109.94;111.35;112.7;113.99;115.2;116.33;117.4;118.41;119.37;120.29;121.17;121.98;122.74;123.47;124.15;124.81;125.43;126.01;126.55;127.07;127.56;128.02;128.46;128.87;129.25;129.61;129.94;130.26;130.57;130.85;131.13;131.39;131.64;131.88;132.09;132.29;132.48;132.66;132.83;133;133.15;133.31;133.46;133.6;133.72;133.84;133.95;134.06;134.16;134.25;134.35;134.44;134.53;134.61;134.69;134.75;134.82;134.88;134.94;135;135.06;135.11;135.16;135.21;135.25;135.29;135.33;135.37;135.4;135.43;135.46;135.49;135.52
0;4.1287;7.0438;9.7175;12.247;14.664;16.976;19.186;21.302;23.321;25.245;27.084;28.833;30.493;32.079;33.583;35.008;36.367;37.653;38.868;40.021;41.114;42.148;43.127;44.052;44.928;45.755;46.536;47.275;47.974;48.635;49.263;49.855;50.412;50.939;51.438;51.911;52.361;52.789;53.188;53.566;53.924;54.264;54.588;54.896;55.185;55.457;55.714;55.958;56.19;56.411;56.618;56.809;56.989;57.159;57.319;57.472;57.617;57.755;57.887;58.015;58.133;58.241;58.342;58.438;58.529;58.616;58.699;58.778;58.855;58.93;59;59.062;59.121;59.177;59.23;59.28;59.329;59.376;59.421;59.465;59.507;59.543;59.578;59.611;59.642;59.672;59.7;59.728;59.754;59.78;59.804;59.825;59.845;59.865;59.883;59.9;59.917;59.932;59.947;59.962
0;6.011;11.78;17.226;22.407;27.362;32.107;36.651;41.006;45.165;49.133;52.929;56.543;59.978;63.261;66.376;69.329;72.148;74.817;77.339;79.737;82.009;84.16;86.195;88.121;89.943;91.663;93.29;94.828;96.283;97.66;98.965;100.2;101.36;102.45;103.49;104.48;105.41;106.3;107.14;107.92;108.67;109.38;110.05;110.69;111.29;111.86;112.39;112.9;113.39;113.85;114.28;114.67;115.05;115.4;115.74;116.06;116.36;116.65;116.92;117.19;117.44;117.66;117.87;118.07;118.26;118.44;118.61;118.78;118.94;119.1;119.24;119.37;119.49;119.61;119.72;119.83;119.93;120.03;120.12;120.21;120.3;120.37;120.45;120.51;120.58;120.64;120.7;120.76;120.81;120.87;120.92;120.96;121;121.04;121.08;121.12;121.15;121.18;121.22;121.25
0;14.557;21.525;27.325;32.588;37.496;42.075;46.358;50.404;54.182;57.706;61.05;64.173;67.087;69.859;72.453;74.876;77.184;79.347;81.367;83.267;85.055;86.74;88.333;89.842;91.277;92.611;93.865;95.051;96.175;97.245;98.267;99.231;100.13;100.97;101.78;102.54;103.27;103.97;104.61;105.22;105.8;106.34;106.86;107.35;107.82;108.25;108.66;109.05;109.42;109.77;110.1;110.4;110.68;110.95;111.21;111.45;111.68;111.9;112.1;112.31;112.49;112.66;112.82;112.97;113.12;113.25;113.38;113.51;113.63;113.75;113.86;113.96;114.06;114.14;114.23;114.31;114.39;114.46;114.53;114.61;114.67;114.73;114.78;114.84;114.89;114.94;114.98;115.02;115.07;115.11;115.14;115.18;115.21;115.24;115.27;115.3;115.32;115.35;115.37;115.4
0;6.2557;12.948;19.499;25.777;31.743;37.399;42.76;47.855;52.667;57.207;61.524;65.59;69.417;73.06;76.488;79.711;82.783;85.672;88.384;90.947;93.365;95.648;97.807;99.85;101.79;103.6;105.31;106.93;108.46;109.91;111.3;112.6;113.82;114.97;116.07;117.11;118.1;119.04;119.92;120.75;121.53;122.28;122.98;123.66;124.29;124.88;125.44;125.98;126.48;126.96;127.41;127.83;128.22;128.59;128.93;129.27;129.58;129.88;130.17;130.44;130.7;130.93;131.15;131.36;131.56;131.74;131.92;132.1;132.27;132.43;132.58;132.72;132.84;132.96;133.08;133.19;133.3;133.4;133.5;133.59;133.69;133.77;133.84;133.91;133.98;134.05;134.11;134.17;134.23;134.28;134.33;134.38;134.42;134.47;134.51;134.54;134.58;134.61;134.65;134.68
0;12.044;20.306;26.871;32.714;38.119;43.131;47.797;52.194;56.28;60.075;63.674;67.023;70.138;73.102;75.867;78.446;80.902;83.2;85.342;87.353;89.243;91.024;92.707;94.303;95.821;97.23;98.552;99.802;100.99;102.12;103.2;104.22;105.16;106.06;106.91;107.71;108.48;109.22;109.9;110.54;111.15;111.72;112.27;112.79;113.28;113.74;114.17;114.58;114.97;115.33;115.68;116;116.3;116.58;116.85;117.1;117.34;117.57;117.79;118;118.2;118.38;118.54;118.7;118.85;119;119.14;119.27;119.4;119.52;119.64;119.75;119.84;119.94;120.03;120.11;120.19;120.27;120.35;120.42;120.49;120.55;120.61;120.67;120.72;120.77;120.82;120.86;120.91;120.95;120.99;121.03;121.06;121.09;121.12;121.15;121.18;121.21;121.23;121.26
0;6.419;12.975;19.037;24.724;30.103;35.205;40.047;44.658;49.022;53.147;57.076;60.787;64.286;67.62;70.764;73.726;76.548;79.208;81.708;84.073;86.307;88.418;90.413;92.301;94.09;95.77;97.352;98.849;100.27;101.61;102.89;104.09;105.22;106.29;107.3;108.27;109.18;110.05;110.86;111.63;112.36;113.05;113.7;114.33;114.91;115.46;115.98;116.47;116.94;117.39;117.8;118.19;118.55;118.89;119.22;119.52;119.82;120.09;120.36;120.62;120.86;121.07;121.27;121.47;121.65;121.82;121.99;122.15;122.31;122.46;122.6;122.72;122.84;122.96;123.06;123.17;123.26;123.36;123.45;123.54;123.62;123.7;123.77;123.83;123.9;123.96;124.01;124.07;124.12;124.17;124.22;124.27;124.31;124.35;124.38;124.42;124.45;124.48;124.51;124.54
0;6.8786;14.603;22.037;29.016;35.525;41.605;47.301;52.674;57.692;62.371;66.807;70.945;74.803;78.472;81.901;85.103;88.154;91.011;93.678;96.184;98.542;100.76;102.87;104.86;106.75;108.51;110.16;111.73;113.21;114.62;115.97;117.24;118.42;119.54;120.6;121.61;122.57;123.49;124.33;125.14;125.9;126.62;127.3;127.95;128.56;129.13;129.67;130.19;130.67;131.13;131.56;131.96;132.34;132.69;133.03;133.35;133.65;133.93;134.21;134.47;134.72;134.94;135.15;135.35;135.54;135.72;135.9;136.06;136.22;136.38;136.53;136.66;136.78;136.9;137.01;137.12;137.22;137.32;137.41;137.51;137.59;137.67;137.74;137.81;137.88;137.94;138;138.06;138.11;138.17;138.22;138.26;138.3;138.34;138.38;138.42;138.45;138.49;138.52;138.55
0;5.8735;11.046;15.848;20.402;24.756;28.923;32.911;36.732;40.379;43.857;47.184;50.35;53.358;56.232;58.959;61.543;64.009;66.343;68.548;70.645;72.63;74.51;76.289;77.972;79.564;81.067;82.488;83.832;85.103;86.306;87.446;88.523;89.536;90.494;91.402;92.263;93.081;93.859;94.585;95.272;95.924;96.542;97.13;97.691;98.217;98.711;99.18;99.624;100.05;100.45;100.82;101.17;101.5;101.81;102.1;102.38;102.64;102.89;103.13;103.37;103.58;103.78;103.96;104.14;104.3;104.46;104.61;104.76;104.9;105.03;105.16;105.27;105.38;105.48;105.58;105.67;105.76;105.84;105.93;106.01;106.08;106.15;106.21;106.27;106.33;106.38;106.43;106.48;106.53;106.58;106.62;106.66;106.7;106.73;106.77;106.8;106.83;106.86;106.88;106.91
0;5.3609;10.219;14.849;19.259;23.468;27.484;31.317;34.978;38.46;41.769;44.927;47.921;50.757;53.462;56.022;58.44;60.746;62.925;64.977;66.925;68.767;70.509;72.156;73.715;75.191;76.581;77.892;79.133;80.306;81.419;82.474;83.471;84.406;85.291;86.129;86.925;87.682;88.403;89.073;89.708;90.309;90.88;91.423;91.941;92.426;92.882;93.314;93.723;94.112;94.482;94.829;95.149;95.45;95.735;96.004;96.259;96.502;96.733;96.955;97.168;97.367;97.546;97.716;97.876;98.029;98.174;98.313;98.447;98.576;98.701;98.818;98.922;99.021;99.114;99.203;99.288;99.37;99.448;99.524;99.598;99.668;99.729;99.787;99.842;99.895;99.945;99.993;100.04;100.08;100.13;100.17;100.2;100.24;100.27;100.3;100.33;100.36;100.38;100.41;100.43
